,customer_id,Action,Animation,Children,Classics,Comedy,Documentary,Drama,Family,Foreign,Games,Horror,Music,New,Sci-Fi,Sports,Travel,cluster
0,1.0,2,2,0,6,5,1,4,1,1,1,0,2,2,2,2,1,12
1,2.0,3,3,1,4,0,1,0,1,1,2,0,1,2,1,5,2,11
2,3.0,4,3,0,1,2,1,1,1,0,2,2,2,2,3,2,0,5
3,4.0,1,1,1,1,2,1,2,1,2,0,3,0,1,2,2,2,2
4,5.0,1,6,2,7,1,1,1,4,1,3,2,2,3,0,3,1,0
5,6.0,2,2,3,1,2,0,4,1,2,2,0,2,2,3,2,0,0
6,7.0,2,5,2,1,1,2,2,2,2,0,2,1,4,0,5,2,13
7,8.0,1,1,1,4,0,1,4,0,1,0,2,0,2,2,3,2,12
8,9.0,0,0,1,3,3,1,1,1,4,0,2,0,1,0,2,4,11
9,10.0,2,1,2,1,1,4,2,0,2,4,1,0,0,1,3,1,11
10,11.0,2,1,3,2,0,3,2,1,0,5,1,2,1,0,1,0,6
11,12.0,3,0,1,3,3,1,6,0,1,1,5,0,0,2,1,1,9
12,13.0,2,2,0,4,1,0,3,0,3,0,2,0,2,2,3,3,12
13,14.0,3,2,3,1,1,3,3,1,3,3,2,0,0,2,1,0,4
14,15.0,1,2,3,4,2,2,2,2,4,0,2,0,0,1,4,3,0
15,16.0,1,4,2,1,2,3,1,3,2,1,0,0,1,1,6,0,0
16,17.0,3,0,4,0,0,0,0,3,5,1,0,1,1,2,1,0,4
17,18.0,1,1,1,3,1,3,1,1,0,1,3,2,1,1,2,0,2
18,19.0,0,0,2,0,2,3,0,2,1,2,3,1,2,1,4,1,2
19,20.0,1,1,3,2,3,2,2,1,1,1,0,1,7,0,4,1,1
20,21.0,2,1,0,2,1,3,1,1,5,2,1,1,3,6,3,3,14
21,22.0,1,2,1,0,2,2,0,2,3,2,1,0,1,2,3,0,7
22,23.0,2,5,1,2,2,0,1,0,0,3,1,0,3,6,3,1,8
23,24.0,2,3,2,2,1,2,1,3,1,2,2,1,0,1,0,2,7
24,25.0,4,2,1,3,1,2,1,2,3,3,1,2,0,3,1,0,10
25,26.0,3,0,2,2,1,5,4,1,4,3,1,2,0,2,3,1,13
26,27.0,1,3,3,3,2,3,1,3,4,0,0,1,1,0,4,2,3
27,28.0,4,1,1,1,2,3,4,1,1,1,1,2,2,3,2,3,12
28,29.0,2,3,5,1,1,2,4,1,3,4,1,0,3,1,2,3,3
29,30.0,2,1,3,1,3,4,5,2,1,1,3,1,0,3,3,1,9
30,31.0,0,2,1,4,1,4,3,2,4,1,0,1,1,2,0,0,1
31,32.0,0,3,1,3,3,3,2,4,0,1,2,2,0,2,1,2,5
32,33.0,0,2,2,2,2,1,2,1,1,1,1,2,1,1,2,0,11
33,34.0,2,1,2,2,2,2,0,2,0,3,3,1,0,2,2,0,5
34,35.0,5,1,0,1,4,1,2,2,3,0,3,1,1,5,3,0,8
35,36.0,2,2,4,3,2,0,1,1,2,1,1,5,1,0,2,0,1
36,37.0,0,1,1,3,4,2,2,0,0,3,0,2,2,2,1,0,2
37,38.0,0,2,7,5,1,2,2,4,4,0,1,1,2,1,0,2,3
38,39.0,3,2,1,1,2,1,2,2,2,3,2,0,3,2,2,1,10
39,40.0,3,2,3,2,2,3,1,2,2,3,2,1,0,1,0,0,4
40,41.0,2,5,0,0,1,2,1,2,3,3,0,1,0,3,2,0,0
41,42.0,4,1,1,1,1,3,2,1,1,1,3,2,1,6,1,1,8
42,43.0,2,0,1,2,0,2,0,2,2,2,1,0,4,2,1,3,4
43,44.0,2,5,2,0,3,1,1,0,0,4,2,2,0,2,1,1,2
44,45.0,4,0,2,3,2,1,0,3,1,3,0,1,1,3,2,1,10
45,46.0,1,5,1,3,1,1,3,4,1,3,3,2,2,2,0,2,0
46,47.0,4,3,2,0,4,0,2,0,2,1,0,0,0,1,1,2,7
47,48.0,2,2,2,1,1,0,0,1,3,0,0,3,0,1,0,1,6
48,49.0,3,3,2,2,0,2,0,5,2,1,1,1,3,2,1,0,4
49,50.0,1,2,3,0,1,2,5,2,5,3,2,3,1,2,0,3,13
50,51.0,6,3,0,1,3,1,4,3,3,1,0,2,1,3,0,2,3
51,52.0,1,0,3,3,4,4,2,1,2,2,2,1,1,1,1,1,11
52,53.0,0,3,2,5,1,3,4,1,2,1,0,0,1,1,4,2,1
53,54.0,0,6,0,3,4,2,1,3,0,2,0,1,3,2,1,1,11
54,55.0,2,1,1,1,1,1,2,1,2,3,1,0,2,1,3,0,11
55,56.0,3,1,1,4,4,2,2,1,2,2,0,0,1,2,2,3,10
56,57.0,4,0,1,3,1,2,0,2,4,3,2,0,1,3,2,0,10
57,58.0,3,1,1,0,3,2,2,2,3,2,1,0,1,2,2,2,10
58,59.0,0,2,0,1,3,1,2,1,1,1,2,2,5,0,2,4,11
59,60.0,4,0,2,1,0,1,1,1,2,2,2,3,1,1,3,1,11
60,61.0,1,0,0,2,1,0,2,1,0,1,0,1,1,2,2,0,2
61,62.0,1,3,0,1,1,1,2,1,0,5,2,2,1,2,1,0,2
62,63.0,1,0,2,1,2,4,3,0,1,1,1,1,4,1,1,2,1
63,64.0,1,5,1,1,3,6,4,2,1,1,0,3,2,1,0,2,1
64,65.0,3,4,0,0,2,1,3,1,2,0,1,1,0,1,1,2,11
65,66.0,3,1,1,4,2,3,3,3,3,4,2,1,1,0,1,2,0
66,67.0,3,0,1,0,2,3,0,2,0,3,1,1,2,2,1,1,7
67,68.0,2,1,2,3,1,1,2,3,0,2,0,1,2,0,2,0,6
68,69.0,1,1,2,2,0,0,1,3,0,3,1,3,2,4,1,1,5
69,70.0,0,2,0,0,1,2,0,1,1,2,1,2,2,1,3,0,2
70,71.0,4,3,1,1,0,1,1,2,3,2,0,6,1,1,2,2,13
71,72.0,4,4,1,2,1,2,1,1,2,1,4,3,1,0,3,0,0
72,73.0,1,1,4,2,0,2,2,2,4,3,1,0,2,0,0,0,4
73,74.0,1,3,2,3,1,1,0,1,1,2,2,0,0,4,2,4,5
74,75.0,4,3,4,4,2,2,1,6,4,1,1,1,3,2,1,2,3
75,76.0,0,4,2,0,1,3,6,2,1,0,1,1,1,0,1,0,1
76,77.0,2,0,0,3,2,2,2,3,0,3,2,2,0,2,3,2,9
77,78.0,4,3,2,2,2,1,0,4,0,0,1,0,2,4,5,1,8
78,79.0,1,0,0,1,1,0,3,0,2,2,4,0,2,5,1,0,9
79,80.0,0,2,1,2,2,3,2,2,2,1,2,2,5,1,2,1,1
80,81.0,0,1,0,0,2,2,0,3,1,2,4,0,2,2,3,0,5
81,82.0,4,4,1,1,1,2,1,1,0,0,2,2,1,3,2,1,5
82,83.0,2,3,1,4,0,2,1,0,1,1,1,0,2,5,1,1,5
83,84.0,2,4,3,2,2,2,3,3,3,1,2,0,0,1,4,1,0
84,85.0,2,0,0,2,3,2,1,0,2,1,1,1,2,3,0,3,2
85,86.0,1,3,2,3,1,2,4,2,3,0,3,2,1,2,3,1,14
86,87.0,3,2,3,3,2,2,1,0,0,2,0,2,2,3,3,2,5
87,88.0,1,2,1,1,1,0,0,3,1,0,2,3,1,1,1,3,7
88,89.0,4,1,0,2,3,4,3,2,1,2,2,1,1,1,3,2,5
89,90.0,1,5,1,0,0,0,4,1,1,3,0,5,2,3,1,1,13
90,91.0,2,1,3,2,4,3,4,1,0,1,2,1,1,2,5,3,9
91,92.0,1,2,1,2,2,3,4,0,1,0,4,1,3,2,0,2,12
92,93.0,2,2,0,4,1,1,1,1,3,2,1,2,0,0,3,0,11
93,94.0,1,2,0,1,1,2,2,3,1,1,2,1,0,2,2,0,5
94,95.0,3,0,1,2,2,1,2,2,2,0,0,1,1,0,1,0,6
95,96.0,0,1,1,3,1,4,4,2,3,2,1,1,2,0,2,0,1
96,97.0,1,1,0,0,1,3,0,0,2,1,1,2,4,0,0,2,6
97,98.0,1,0,1,1,1,2,2,2,1,3,0,2,2,2,4,1,12
98,99.0,1,3,0,2,1,2,1,2,2,0,1,0,3,2,4,0,11
99,100.0,2,4,1,4,3,2,1,2,0,1,0,0,0,1,1,2,7
100,101.0,1,5,1,0,1,0,0,0,0,2,3,2,0,5,3,1,9
101,102.0,4,2,1,3,3,3,1,4,1,1,1,0,0,5,3,1,8
102,103.0,3,4,2,0,2,3,1,2,2,1,3,1,1,1,3,2,10
103,104.0,3,2,2,1,1,0,3,1,3,1,0,1,2,0,2,2,4
104,105.0,2,2,4,0,2,0,0,0,0,3,0,4,1,3,3,2,2
105,106.0,2,0,2,2,1,1,0,3,0,2,4,1,1,1,1,2,7
106,107.0,0,1,0,0,2,2,3,3,2,3,0,2,2,5,4,1,9
107,108.0,2,3,2,1,4,1,3,1,2,0,1,2,3,4,0,1,0
108,109.0,2,0,1,4,1,1,1,2,1,1,1,1,1,4,2,3,5
109,110.0,0,2,0,1,0,2,2,1,2,2,0,1,0,0,0,1,6
110,111.0,6,3,1,1,0,1,0,2,3,1,3,0,2,0,0,3,4
111,112.0,0,3,0,5,2,1,4,3,1,2,1,0,3,1,2,2,12
112,113.0,1,1,1,1,1,5,4,3,2,1,2,1,1,2,1,2,12
113,114.0,4,1,3,3,1,1,2,2,5,1,1,1,3,0,3,2,3
114,115.0,1,2,3,4,0,3,2,1,3,2,0,3,0,1,3,2,13
115,116.0,1,2,0,2,1,1,1,7,2,0,2,1,2,2,2,1,10
116,117.0,3,1,2,0,1,0,0,1,3,1,1,0,0,2,3,1,7
117,118.0,1,1,1,2,2,1,1,0,2,4,0,0,2,1,3,0,11
118,119.0,3,3,2,1,1,4,2,1,2,1,0,2,4,5,3,0,14
119,120.0,4,2,0,1,3,1,3,4,0,2,1,4,1,0,3,3,12
120,121.0,4,2,2,1,2,4,1,0,1,0,2,1,1,2,2,1,7
121,122.0,0,0,0,3,3,1,3,1,2,1,5,0,3,2,5,3,9
122,123.0,2,1,3,1,0,3,0,1,1,0,2,0,4,2,3,1,7
123,124.0,2,1,2,1,0,3,2,0,0,1,1,1,1,1,1,1,6
124,125.0,3,3,0,1,2,6,0,2,2,2,2,1,1,0,5,2,0
125,126.0,6,0,1,2,0,1,2,4,3,1,2,1,5,0,0,0,3
126,127.0,1,2,2,2,1,0,1,3,1,1,0,1,3,2,0,4,4
127,128.0,3,4,2,0,3,0,1,0,2,2,1,4,2,3,4,1,12
128,129.0,3,2,4,4,3,2,1,4,2,3,0,1,1,1,1,2,4
129,130.0,1,0,1,2,1,1,1,2,2,2,2,0,2,6,0,1,5
130,131.0,4,4,1,1,2,1,1,1,2,2,0,2,1,2,3,3,0
131,132.0,0,4,1,4,2,1,1,1,3,2,0,3,0,2,4,0,12
132,133.0,3,0,1,0,1,5,7,1,1,1,0,0,1,3,2,1,12
133,134.0,0,4,0,1,2,0,4,1,1,1,5,0,0,1,2,1,9
134,135.0,2,2,5,1,1,2,1,4,1,1,2,1,0,2,3,2,10
135,136.0,3,1,1,2,0,0,1,0,1,1,0,2,1,1,1,0,6
136,137.0,2,3,1,1,4,2,2,0,2,6,3,2,1,1,5,4,9
137,138.0,3,2,3,1,1,3,1,5,0,2,1,2,3,0,6,1,0
138,139.0,3,3,0,0,0,3,2,1,3,3,2,1,1,2,2,1,0
139,140.0,1,1,1,0,1,0,0,2,1,0,0,1,2,3,2,3,7
140,141.0,2,3,5,0,4,0,3,3,1,0,2,0,1,4,1,3,8
141,142.0,1,1,2,2,0,5,2,1,2,0,1,1,1,2,3,2,1
142,143.0,1,2,2,0,1,3,2,2,1,0,2,0,1,3,1,1,7
143,144.0,4,2,2,4,3,2,5,3,1,3,2,2,4,1,2,2,14
144,145.0,3,7,0,0,2,1,0,0,3,2,3,0,1,4,1,1,10
145,146.0,2,3,1,0,2,3,2,3,2,1,2,4,2,1,0,1,1
146,147.0,6,4,0,2,1,3,2,1,1,2,0,3,3,3,3,0,0
147,148.0,3,0,0,4,2,3,1,6,4,3,4,1,2,7,1,5,8
148,149.0,1,1,3,1,1,2,2,1,1,1,1,1,3,3,4,0,12
149,150.0,3,2,0,0,1,1,1,1,1,3,1,1,1,3,4,2,5
150,151.0,6,3,1,1,2,3,1,0,0,2,2,1,1,2,2,0,7
151,152.0,2,2,2,1,3,0,2,2,1,0,1,2,1,1,0,1,7
152,153.0,1,1,2,3,2,2,1,0,0,4,2,1,2,1,1,1,2
153,154.0,2,1,3,1,2,3,3,3,1,1,3,0,2,4,1,0,8
154,155.0,1,4,1,4,1,4,0,3,1,1,0,0,2,1,0,2,4
155,156.0,3,0,2,1,2,2,1,2,1,0,4,1,1,1,2,2,5
156,157.0,1,3,2,0,2,6,0,2,2,2,1,5,1,1,2,1,1
157,158.0,0,4,3,1,2,3,1,1,1,2,3,1,2,3,3,2,5
158,159.0,4,3,0,4,2,0,0,1,1,0,0,0,2,1,1,2,7
159,160.0,1,2,1,2,1,4,2,3,2,0,0,3,2,1,2,1,1
160,161.0,0,3,1,2,0,2,3,1,4,1,2,2,4,2,2,1,13
161,162.0,2,2,1,2,1,0,2,2,1,0,2,1,1,0,3,0,7
162,163.0,2,2,0,3,1,4,0,2,1,2,0,0,3,2,4,3,11
163,164.0,1,1,2,0,0,1,2,2,2,0,0,2,0,1,1,1,6
164,165.0,0,2,2,4,1,1,0,0,0,2,1,1,2,3,1,1,2
165,166.0,0,1,2,4,2,2,1,2,1,0,1,4,1,3,3,1,12
166,167.0,3,1,1,1,2,3,1,4,1,1,3,5,1,1,3,1,12
167,168.0,1,3,0,1,2,2,2,4,6,4,4,2,2,1,0,0,13
168,169.0,0,1,2,1,1,0,3,3,3,0,1,1,2,2,2,0,0
169,170.0,0,1,1,1,2,1,1,2,3,2,1,1,3,4,1,2,0
170,171.0,1,1,5,0,0,4,0,0,2,3,2,1,0,2,3,2,11
171,172.0,5,4,4,0,1,2,3,0,1,3,1,3,0,2,1,3,4
172,173.0,2,2,1,1,3,5,1,4,1,2,0,0,2,1,0,4,4
173,174.0,3,2,0,0,2,3,2,0,1,2,1,1,1,0,0,3,6
174,175.0,2,0,0,1,1,0,3,1,0,4,3,1,4,1,2,1,2
175,176.0,2,5,3,0,5,2,3,2,4,0,1,0,1,4,4,1,14
176,177.0,2,1,3,1,2,2,2,0,0,0,2,1,1,1,4,1,2
177,178.0,1,4,3,2,0,4,4,2,4,0,2,2,1,3,3,4,13
178,179.0,2,0,2,2,1,4,1,6,2,1,0,1,1,3,1,2,10
179,180.0,2,1,1,1,1,4,0,3,1,2,2,0,1,1,2,1,7
180,181.0,1,1,1,3,2,2,1,7,3,1,5,1,0,1,2,3,8
181,182.0,1,0,1,1,2,2,2,3,2,5,0,1,5,3,2,0,0
182,183.0,1,0,1,1,0,3,1,3,3,2,1,1,1,4,1,0,0
183,184.0,1,4,0,0,1,1,3,1,1,1,1,2,3,1,1,2,1
184,185.0,5,2,2,3,0,0,1,0,5,1,0,0,0,2,1,1,4
185,186.0,3,2,0,5,3,1,3,1,5,3,2,0,2,0,1,0,3
186,187.0,3,1,1,4,1,3,1,3,0,1,2,3,2,1,2,0,11
187,188.0,2,2,0,0,3,2,4,2,1,0,2,1,0,2,2,2,5
188,189.0,0,2,2,2,1,1,1,2,2,0,0,2,2,2,2,1,11
189,190.0,3,2,0,3,1,0,3,3,0,2,3,2,1,1,0,3,5
190,191.0,1,0,2,0,1,3,1,1,2,2,0,2,2,2,1,0,11
191,192.0,0,2,0,2,3,1,1,2,1,0,3,2,1,1,2,2,2
192,193.0,1,3,2,1,1,0,0,2,1,5,1,2,0,0,3,3,11
193,194.0,2,3,0,0,1,0,1,1,0,2,2,0,2,2,1,1,7
194,195.0,2,1,0,1,1,0,4,1,0,1,0,2,1,0,3,2,11
195,196.0,3,8,2,1,2,4,1,2,2,4,0,0,3,1,2,0,3
196,197.0,1,3,5,3,7,2,2,3,0,1,4,1,2,2,2,2,8
197,198.0,1,1,2,2,3,5,2,3,4,4,1,3,1,3,0,2,13
198,199.0,2,1,4,0,2,0,1,2,1,2,0,1,5,0,2,2,4
199,200.0,2,1,1,2,1,3,2,4,2,4,1,0,0,0,2,2,4
200,201.0,1,3,0,2,1,0,3,3,1,1,2,2,1,1,3,1,12
201,202.0,0,5,3,0,1,3,1,2,2,1,3,1,1,2,0,1,11
202,203.0,3,2,3,3,0,2,2,0,0,0,1,0,1,1,0,2,6
203,204.0,2,1,3,2,2,1,1,1,5,3,5,1,5,1,1,1,3
204,205.0,1,1,0,1,1,1,0,1,1,1,3,1,1,2,2,1,2
205,206.0,1,3,2,1,1,4,0,0,2,1,1,2,7,0,1,1,1
206,207.0,2,1,0,3,2,2,2,2,2,4,2,2,4,1,3,2,12
207,208.0,1,2,3,0,1,4,3,3,0,2,1,1,2,2,1,0,11
208,209.0,6,1,5,3,1,4,0,0,2,3,1,1,1,1,3,0,4
209,210.0,4,0,3,1,1,1,2,0,3,2,2,1,5,2,4,0,0
210,211.0,2,3,0,4,2,1,1,4,3,2,1,5,0,3,2,1,14
211,212.0,1,1,4,3,0,0,0,2,2,0,0,0,2,3,2,0,4
212,213.0,1,0,4,0,0,1,3,6,1,2,0,1,2,2,2,3,4
213,214.0,2,2,3,1,2,1,2,2,3,0,2,3,1,1,4,2,0
214,215.0,1,1,1,1,2,1,1,0,6,0,0,2,2,1,5,2,13
215,216.0,1,2,0,1,1,1,2,0,0,2,3,0,2,1,2,5,2
216,217.0,3,2,1,2,0,1,3,2,1,2,0,1,0,3,0,2,7
217,218.0,1,1,1,2,3,2,2,0,1,1,0,0,2,1,0,1,6
218,219.0,0,2,0,1,2,1,1,3,2,1,2,3,1,4,1,2,5
219,220.0,3,2,0,2,1,2,2,3,1,0,0,3,4,1,2,1,1
220,221.0,2,2,2,1,3,2,5,2,1,2,1,0,1,1,2,1,0
221,222.0,1,1,4,2,1,1,1,2,1,1,1,0,2,1,2,0,6
222,223.0,2,0,1,0,0,1,1,2,2,0,1,1,0,2,2,2,7
223,224.0,1,1,1,2,1,4,2,1,5,0,2,0,0,0,2,0,1
224,225.0,1,1,1,1,2,0,3,1,1,3,2,2,2,3,2,1,5
225,226.0,1,3,1,2,1,0,1,1,1,1,1,3,0,3,1,1,2
226,227.0,1,3,3,1,2,4,0,2,2,2,0,0,1,3,0,0,4
227,228.0,3,2,2,2,1,3,0,2,4,1,0,0,1,1,3,2,4
228,229.0,2,1,1,1,1,0,3,1,1,0,1,2,3,1,4,3,12
229,230.0,4,3,1,4,1,0,1,0,2,3,0,1,3,6,3,1,8
230,231.0,1,3,3,1,3,3,2,0,0,2,1,3,1,1,2,0,11
231,232.0,2,3,2,0,0,2,1,1,3,2,0,1,1,4,1,2,4
232,233.0,1,1,1,2,2,0,2,3,2,2,1,1,0,3,1,1,5
233,234.0,1,1,2,4,2,2,1,2,4,2,0,2,1,0,2,0,1
234,235.0,3,4,0,0,1,1,2,4,0,0,2,1,2,1,2,2,7
235,236.0,2,4,3,2,1,1,0,4,5,5,1,2,4,2,3,3,3
236,237.0,1,1,3,5,0,1,2,5,1,2,2,4,2,1,2,1,0
237,238.0,1,1,5,2,0,0,1,2,0,1,1,1,2,1,0,3,6
238,239.0,3,5,2,1,0,3,2,2,2,3,1,2,3,2,2,1,3
239,240.0,1,2,3,0,1,2,3,3,0,0,1,2,4,0,2,2,1
240,241.0,3,1,4,3,3,3,1,4,3,1,0,1,5,1,1,0,3
241,242.0,3,3,2,4,0,1,4,3,2,1,1,0,5,2,0,1,3
242,243.0,2,0,3,2,1,8,0,2,0,3,0,0,1,0,1,1,6
243,244.0,3,2,3,2,6,1,2,3,3,0,1,0,3,1,1,1,10
244,245.0,1,4,4,3,2,1,1,1,3,2,1,0,2,2,4,1,0
245,246.0,3,0,1,3,0,1,0,2,3,2,0,1,0,6,0,1,10
246,247.0,1,1,2,2,1,2,2,0,1,2,0,0,0,3,3,2,2
247,248.0,0,0,1,0,0,1,0,2,3,0,1,0,1,4,1,1,7
248,249.0,1,1,0,2,2,3,1,1,1,4,2,0,0,1,1,3,2
249,250.0,2,1,1,0,0,2,1,2,2,0,2,0,0,3,1,3,7
250,251.0,4,3,2,3,1,2,0,0,2,1,2,3,0,5,1,2,10
251,252.0,2,1,2,0,2,4,3,0,0,1,1,1,0,1,2,2,2
252,253.0,0,5,2,1,1,3,4,1,2,2,1,0,3,1,1,2,1
253,254.0,3,3,0,1,1,0,3,3,1,2,2,2,3,5,2,1,8
254,255.0,0,3,1,3,2,0,1,2,1,0,1,0,1,0,2,1,7
255,256.0,3,1,1,0,5,1,4,3,0,2,1,1,3,1,2,2,5
256,257.0,1,1,4,2,0,7,0,5,5,3,1,1,3,3,1,0,3
257,258.0,1,0,0,0,1,2,4,4,2,0,1,2,3,1,2,1,1
258,259.0,4,2,4,4,3,1,1,2,1,1,1,1,2,0,5,0,10
259,260.0,4,4,2,1,1,1,0,3,1,0,0,5,2,2,4,1,0
260,261.0,0,2,1,1,3,1,3,1,4,1,2,2,0,1,0,4,1
261,262.0,3,2,1,1,0,1,1,4,2,3,2,3,1,2,1,1,0
262,263.0,1,2,2,0,1,1,1,3,2,0,2,3,2,5,2,2,5
263,264.0,0,3,0,3,1,1,2,0,1,1,2,3,1,5,1,1,9
264,265.0,1,0,4,1,3,0,1,2,2,2,2,2,4,0,3,2,11
265,266.0,2,2,2,3,0,1,5,4,0,0,1,1,1,1,3,2,0
266,267.0,2,1,1,0,3,2,4,3,4,4,0,1,6,2,2,1,13
267,268.0,2,1,4,2,2,2,4,0,2,1,4,2,0,1,1,1,12
268,269.0,3,4,1,3,1,6,3,0,2,0,3,2,0,0,1,1,1
269,270.0,1,1,3,1,2,1,1,1,1,1,1,3,2,2,2,2,11
270,271.0,0,2,2,1,1,1,1,2,1,1,2,0,1,0,2,1,6
271,272.0,0,2,0,2,0,3,3,2,0,1,1,1,3,2,0,0,11
272,273.0,2,3,2,2,3,2,3,4,1,1,0,1,4,5,2,0,14
273,274.0,1,1,0,3,1,5,2,1,4,1,1,1,6,3,3,2,13
274,275.0,2,1,1,2,1,3,2,4,1,4,2,1,1,1,3,1,5
275,276.0,2,1,2,1,3,4,2,2,1,3,1,2,1,1,2,0,11
276,277.0,1,3,5,1,5,2,1,2,1,1,1,0,1,2,6,0,5
277,278.0,3,1,1,1,5,1,4,3,3,1,0,1,0,2,0,0,10
278,279.0,2,3,2,2,4,4,0,4,0,1,0,0,1,7,0,1,8
279,280.0,2,2,3,1,1,1,2,0,3,2,0,0,3,3,2,2,4
280,281.0,1,3,2,1,2,0,1,3,0,0,0,0,0,0,1,0,6
281,282.0,2,2,1,1,0,2,2,1,4,3,2,1,2,1,2,1,1
282,283.0,2,4,1,3,0,2,4,1,2,1,2,0,1,2,1,2,0
283,284.0,4,1,0,2,2,0,0,3,4,2,4,1,1,2,2,0,8
284,285.0,1,1,2,2,1,3,3,1,0,1,1,0,1,4,2,3,5
285,286.0,0,1,1,2,2,3,4,0,2,0,2,3,1,3,2,1,12
286,287.0,3,4,1,0,4,5,1,0,2,2,2,0,2,3,0,0,10
287,288.0,3,1,1,2,0,3,2,1,0,1,1,2,0,1,4,2,2
288,289.0,2,1,2,2,1,3,1,3,4,3,0,1,1,2,4,0,0
289,290.0,2,2,2,0,3,2,1,0,1,3,4,1,1,3,2,1,5
290,291.0,1,1,1,3,1,1,2,3,1,1,1,2,0,3,1,1,5
291,292.0,2,0,1,3,0,0,4,2,2,1,1,2,3,2,0,4,1
292,293.0,2,3,1,3,3,0,3,0,0,3,1,1,2,3,5,1,9
293,294.0,5,3,1,1,3,1,2,0,1,3,2,1,1,0,2,0,7
294,295.0,2,3,1,3,2,0,1,4,4,1,2,2,4,3,4,2,14
295,296.0,3,2,1,2,2,1,2,0,1,2,1,3,3,2,4,1,12
296,297.0,2,3,4,1,2,3,3,1,0,4,0,0,2,5,1,2,10
297,298.0,4,2,2,1,2,0,0,3,0,3,0,0,2,2,3,2,7
298,299.0,0,0,2,3,0,2,5,4,3,0,1,2,2,2,1,3,13
299,300.0,3,2,2,1,0,3,2,3,3,1,1,3,2,1,2,2,3
300,301.0,1,1,1,2,2,2,1,1,1,1,2,2,0,3,1,0,2
301,302.0,3,5,2,1,3,0,1,3,0,0,3,1,1,1,2,3,10
302,303.0,5,2,2,2,1,1,3,0,0,0,1,0,3,2,2,2,7
303,304.0,2,1,1,3,0,0,0,2,2,1,2,0,3,4,3,2,10
304,305.0,2,0,0,1,2,2,3,1,5,0,4,1,0,2,2,0,12
305,306.0,3,1,2,0,4,2,1,3,2,0,1,2,0,5,3,3,8
306,307.0,3,3,1,1,1,0,2,3,2,1,2,3,3,2,2,1,0
307,308.0,0,3,2,1,2,2,1,1,1,2,1,3,4,0,2,0,1
308,309.0,4,1,4,0,2,3,1,1,0,2,0,2,2,1,4,4,11
309,310.0,2,2,2,0,3,0,2,0,2,0,2,2,0,1,2,0,2
310,311.0,1,1,1,1,3,4,4,1,1,1,2,2,0,0,1,0,11
311,312.0,4,0,2,1,1,3,0,2,1,1,3,3,1,0,2,2,7
312,313.0,1,4,1,1,1,2,1,1,1,0,1,1,4,2,1,1,11
313,314.0,4,2,3,1,3,5,1,1,2,0,1,1,1,1,6,1,0
314,315.0,1,0,1,1,2,0,1,1,2,1,1,0,2,1,2,1,7
315,316.0,3,0,2,1,1,1,0,3,1,2,0,2,2,5,5,1,8
316,317.0,1,4,1,0,2,1,3,4,0,1,0,1,1,4,4,1,5
317,318.0,3,0,0,0,1,3,2,0,0,0,1,0,2,0,0,0,6
318,319.0,3,2,3,2,2,1,2,2,1,4,1,1,1,3,2,0,10
319,320.0,1,1,1,1,2,0,1,0,1,1,1,1,0,1,5,3,2
320,321.0,1,1,0,2,2,0,1,1,3,1,2,1,0,3,2,2,5
321,322.0,5,3,1,0,2,1,1,1,1,0,1,2,1,2,3,4,10
322,323.0,7,2,3,0,0,3,2,0,2,0,1,1,1,2,2,5,4
323,324.0,1,1,2,2,3,1,2,0,2,3,2,4,0,1,1,0,12
324,325.0,1,1,0,2,1,3,0,0,1,1,1,2,5,2,2,0,11
325,326.0,2,1,3,0,2,3,2,1,1,2,4,2,0,1,0,1,2
326,327.0,3,1,3,0,3,4,3,1,0,0,2,2,2,0,1,1,11
327,328.0,2,1,0,2,1,0,1,2,0,5,2,3,1,1,1,1,2
328,329.0,0,3,1,3,3,4,0,0,1,2,3,5,1,1,3,2,12
329,330.0,4,0,3,0,0,4,1,0,1,0,3,2,1,1,3,2,11
330,331.0,2,2,1,1,1,3,4,1,0,3,0,3,0,3,2,1,12
331,332.0,2,1,1,2,1,0,4,2,2,4,4,1,1,0,2,1,12
332,333.0,0,0,1,1,3,1,1,2,2,5,3,1,1,3,2,1,9
333,334.0,4,4,2,0,1,0,2,1,5,0,4,2,3,1,1,0,3
334,335.0,0,2,2,0,3,2,2,0,3,1,1,2,1,4,0,0,11
335,336.0,1,5,1,2,0,2,4,3,0,3,0,1,3,2,2,1,1
336,337.0,1,3,0,0,4,4,3,1,1,0,1,1,1,5,1,3,9
337,338.0,2,4,3,0,1,2,2,1,2,2,0,3,1,0,5,0,1
338,339.0,1,3,1,0,2,0,0,4,4,2,3,0,3,0,5,2,0
339,340.0,1,0,1,4,4,0,3,4,1,1,3,1,5,1,0,2,5
340,341.0,1,2,1,2,0,2,1,0,0,2,1,1,3,2,2,3,11
341,342.0,0,3,2,5,2,3,4,3,2,0,2,3,0,1,2,0,12
342,343.0,2,1,4,0,2,1,1,6,2,0,1,0,0,1,2,2,10
343,344.0,0,1,0,0,1,2,1,1,2,0,1,2,2,1,4,0,11
344,345.0,0,3,0,1,3,2,0,1,1,1,4,1,2,3,0,1,2
345,346.0,2,2,0,2,2,2,2,5,1,4,2,0,1,4,3,0,8
346,347.0,3,0,2,3,2,1,3,1,0,4,1,2,0,2,4,2,5
347,348.0,5,5,1,0,2,5,4,2,2,1,1,4,2,1,1,0,3
348,349.0,1,0,2,0,1,2,2,0,4,4,1,2,3,0,3,4,1
349,350.0,3,3,1,0,0,1,1,2,0,1,2,4,1,0,2,2,11
350,351.0,1,1,1,2,2,2,1,3,2,4,0,0,1,0,4,0,11
351,352.0,1,2,0,0,1,2,1,2,3,2,1,3,1,1,2,1,1
352,353.0,0,3,0,1,1,2,2,1,0,2,0,1,2,1,1,1,6
353,354.0,3,2,3,3,1,6,6,0,2,2,1,1,0,4,2,0,14
354,355.0,3,1,0,1,0,0,1,0,3,1,2,2,2,2,1,1,11
355,356.0,3,0,2,2,0,4,1,2,6,3,0,0,2,0,3,2,3
356,357.0,0,1,0,1,0,3,4,4,0,2,1,0,3,2,2,3,12
357,358.0,1,2,1,0,4,2,0,3,1,1,2,0,0,0,3,1,2
358,359.0,0,0,1,2,1,4,2,2,0,2,0,3,2,2,3,1,12
359,360.0,3,3,2,1,0,0,2,1,2,4,2,3,5,2,2,2,13
360,361.0,4,2,4,0,0,3,0,3,5,2,3,0,2,1,1,1,3
361,362.0,1,4,3,2,2,2,1,2,2,3,0,0,2,2,5,1,0
362,363.0,6,1,2,1,4,0,1,2,3,1,1,2,0,1,1,3,10
363,364.0,4,3,0,4,1,2,0,2,2,2,0,0,0,0,3,0,4
364,365.0,0,3,2,0,0,1,1,3,1,1,1,3,2,0,2,3,1
365,366.0,3,1,1,3,2,2,2,2,2,0,2,2,2,5,5,3,9
366,367.0,1,1,3,2,1,0,0,2,3,2,3,1,1,0,2,0,7
367,368.0,1,4,2,2,4,1,3,1,2,1,2,2,3,2,3,2,12
368,369.0,1,0,1,3,1,1,4,5,3,0,0,0,1,2,1,2,0
369,370.0,3,3,2,1,0,0,1,2,1,2,1,1,0,1,1,0,7
370,371.0,3,4,2,3,2,1,0,2,2,1,1,3,1,4,5,1,14
371,372.0,5,0,4,2,2,3,0,1,3,5,1,1,1,2,2,2,4
372,373.0,2,6,2,1,2,1,2,3,3,2,4,0,4,1,2,0,0
373,374.0,2,3,2,1,1,1,1,3,2,1,1,3,0,2,2,3,0
374,375.0,2,0,0,2,2,0,1,2,3,1,3,1,0,0,0,7,7
375,376.0,2,0,1,4,1,3,1,3,0,2,0,1,3,2,2,3,11
376,377.0,0,1,2,4,1,1,3,3,1,1,0,0,4,1,2,2,1
377,378.0,2,2,2,1,3,2,1,1,0,0,1,2,0,1,1,0,2
378,379.0,1,2,1,1,3,2,1,1,3,0,0,1,2,3,2,0,11
379,380.0,3,5,0,2,3,2,1,2,6,1,0,1,2,3,3,2,3
380,381.0,1,4,3,2,1,1,3,3,0,3,0,3,2,4,0,5,0
381,382.0,2,2,1,3,0,5,1,1,1,0,1,1,2,2,1,1,11
382,383.0,1,5,4,4,3,0,0,1,1,0,1,4,2,1,0,0,11
383,384.0,2,0,3,1,1,1,3,0,5,1,2,3,0,1,2,0,1
384,385.0,1,0,0,0,3,1,0,0,2,3,2,2,0,4,4,4,9
385,386.0,3,2,5,3,0,2,1,1,2,0,0,4,2,2,0,2,3
386,387.0,1,1,0,1,3,2,2,1,1,4,2,1,1,2,1,3,2
387,388.0,3,3,2,2,1,2,2,3,0,1,1,3,3,0,3,1,0
388,389.0,1,2,1,3,2,1,2,1,2,1,2,1,2,2,3,0,12
389,390.0,2,5,2,0,3,0,1,3,0,4,1,5,1,2,1,3,12
390,391.0,3,3,2,3,1,2,1,2,1,0,1,0,1,5,3,2,8
391,392.0,0,3,2,2,1,1,2,3,1,2,0,1,1,1,2,1,11
392,393.0,4,3,2,2,1,0,2,0,4,3,1,1,3,2,1,2,3
393,394.0,4,2,1,1,1,3,1,1,0,0,1,1,1,2,2,1,7
394,395.0,2,0,1,0,2,0,3,1,1,0,1,4,0,3,1,0,5
395,396.0,0,4,2,3,3,4,3,1,2,0,1,0,3,1,0,0,1
396,397.0,2,3,1,1,0,1,4,0,2,2,2,2,1,3,1,4,12
397,398.0,2,0,3,0,1,0,1,0,3,0,0,1,2,0,1,2,6
398,399.0,1,0,2,1,0,2,3,1,3,0,1,0,0,0,3,4,1
399,400.0,1,2,1,1,4,2,2,1,1,2,1,1,1,4,1,3,5
400,401.0,1,2,2,1,1,3,2,1,1,1,2,1,2,0,1,0,6
401,402.0,1,1,2,1,1,0,3,1,1,0,0,1,3,2,2,1,11
402,403.0,1,1,2,4,2,4,1,2,5,1,2,2,0,5,1,2,14
403,404.0,1,5,0,1,1,5,1,0,5,2,0,2,1,1,3,2,13
404,405.0,1,2,0,2,0,6,1,0,2,4,1,2,4,1,3,3,1
405,406.0,1,7,2,3,3,3,3,0,1,0,2,2,3,1,1,0,1
406,407.0,3,2,0,3,0,1,2,0,2,4,1,1,4,2,2,0,1
407,408.0,0,1,6,4,3,1,2,4,0,3,0,0,1,0,2,3,4
408,409.0,1,2,2,1,2,2,2,2,0,2,0,2,0,2,2,1,2
409,410.0,6,2,1,0,3,1,4,6,2,3,1,2,0,4,2,1,8
410,411.0,1,7,1,0,1,2,3,3,1,0,0,2,0,2,3,0,0
411,412.0,5,0,1,2,3,0,2,3,0,0,0,0,0,1,1,3,7
412,413.0,2,2,3,0,2,0,1,2,2,1,2,0,1,2,0,1,7
413,414.0,1,0,1,1,1,0,2,3,1,2,3,2,2,0,1,5,11
414,415.0,2,1,3,1,2,2,2,1,0,1,1,0,1,1,4,1,2
415,416.0,3,1,2,3,2,3,3,1,1,1,3,1,0,3,2,2,5
416,417.0,4,5,0,0,2,2,1,0,0,0,1,1,4,4,1,0,7
417,418.0,0,1,1,2,2,4,1,2,5,1,3,1,3,1,2,1,13
418,419.0,1,3,1,3,0,3,1,0,1,2,1,2,1,3,2,1,11
419,420.0,3,2,1,2,1,1,0,0,0,2,2,2,0,2,2,1,2
420,421.0,0,2,0,1,3,1,3,1,1,0,3,1,0,4,3,4,9
421,422.0,0,0,2,2,1,1,3,1,3,4,1,2,0,4,0,2,12
422,423.0,2,0,2,1,0,2,3,2,1,2,2,3,0,2,2,2,12
423,424.0,3,4,1,1,1,4,6,2,1,2,0,0,2,0,1,2,1
424,425.0,3,2,0,2,0,2,3,2,1,1,1,1,2,1,1,4,11
425,426.0,2,2,2,2,0,3,0,1,1,2,3,2,2,1,2,2,11
426,427.0,1,1,3,2,2,6,0,2,0,1,2,1,0,0,2,1,7
427,428.0,2,1,0,2,1,3,2,1,0,1,2,3,0,0,1,1,2
428,429.0,1,0,0,2,3,1,2,2,3,1,2,0,0,1,1,2,2
429,430.0,0,2,1,2,3,0,2,2,0,0,2,2,2,1,0,3,2
430,431.0,2,3,3,2,3,1,0,2,0,0,0,1,2,0,3,1,7
431,432.0,2,0,1,0,0,2,1,3,0,4,0,3,2,2,1,2,11
432,433.0,3,0,1,0,0,2,1,1,3,3,1,2,3,1,2,2,1
433,434.0,2,4,0,2,3,0,3,1,2,4,1,2,1,2,0,0,11
434,435.0,2,3,1,2,2,1,2,0,2,1,0,2,0,2,2,3,11
435,436.0,1,5,1,0,4,1,2,1,1,3,2,2,3,1,0,3,11
436,437.0,2,1,1,0,3,1,0,0,5,3,0,0,2,1,2,2,4
437,438.0,2,4,1,2,3,3,3,2,2,4,2,2,0,1,1,1,0
438,439.0,3,3,3,3,0,0,4,6,3,2,2,2,1,2,1,1,3
439,440.0,2,2,1,1,0,1,4,0,2,2,1,2,2,0,1,1,1
440,441.0,2,1,2,1,3,1,2,1,0,1,0,1,7,4,1,1,11
441,442.0,1,5,2,0,3,2,5,1,2,1,2,1,3,1,2,1,13
442,443.0,2,4,1,0,1,1,2,2,1,2,2,1,0,2,0,1,7
443,444.0,2,1,1,0,2,1,1,5,2,2,2,1,1,2,5,2,8
444,445.0,1,5,2,0,0,2,1,3,2,0,2,0,0,4,2,2,10
445,446.0,3,1,3,3,2,2,0,1,6,1,3,2,0,2,2,0,0
446,447.0,3,3,2,0,3,2,3,2,0,3,1,2,3,1,1,0,11
447,448.0,3,2,1,3,3,0,3,2,0,2,2,2,1,0,1,4,2
448,449.0,0,1,0,2,1,2,1,2,1,1,4,1,1,1,2,0,2
449,450.0,1,0,0,2,0,2,4,1,2,3,1,2,4,3,1,0,1
450,451.0,3,1,2,3,0,1,2,4,3,1,3,0,1,5,3,1,8
451,452.0,4,1,3,0,0,1,4,3,2,2,1,1,3,4,2,1,0
452,453.0,2,2,2,1,1,1,0,2,1,1,2,2,3,0,2,1,6
453,454.0,1,1,1,1,3,2,1,1,2,2,2,4,1,2,7,2,9
454,455.0,1,1,2,1,1,3,1,3,0,1,1,2,3,3,1,0,11
455,456.0,1,0,0,2,0,1,2,2,1,2,0,2,2,5,1,4,12
456,457.0,2,2,0,0,3,0,4,1,2,2,2,4,2,1,3,0,12
457,458.0,1,0,1,2,2,2,2,0,3,0,0,1,1,2,1,1,11
458,459.0,4,0,1,3,5,3,0,5,2,3,4,3,0,2,1,2,8
459,460.0,1,3,1,0,1,1,2,2,2,0,3,2,1,2,1,3,11
460,461.0,0,4,2,1,2,1,2,1,1,3,0,0,3,6,2,0,5
461,462.0,1,4,3,3,2,0,1,2,3,3,4,2,2,1,1,1,0
462,463.0,1,3,2,2,0,2,3,2,1,1,2,2,0,4,0,0,5
463,464.0,2,2,0,1,2,0,1,0,2,1,2,1,2,0,0,0,6
464,465.0,1,2,2,1,2,0,1,1,3,3,0,0,1,0,0,0,6
465,466.0,1,0,1,0,2,2,2,1,2,3,3,2,1,0,1,2,11
466,467.0,1,1,5,1,1,2,1,1,1,3,2,2,1,1,3,3,11
467,468.0,3,7,1,3,1,2,2,4,3,1,1,1,1,3,5,1,14
468,469.0,0,2,1,2,1,3,2,3,6,9,3,1,3,0,1,3,13
469,470.0,5,3,2,0,2,0,1,1,1,4,0,1,1,3,4,4,10
470,471.0,1,1,2,3,2,2,2,1,0,0,3,5,1,1,3,0,12
471,472.0,3,4,0,1,4,1,2,2,1,3,0,6,0,0,1,2,12
472,473.0,4,1,2,1,3,0,3,2,5,1,1,2,2,1,1,5,3
473,474.0,3,3,2,0,2,1,1,4,1,1,2,0,2,3,1,0,10
474,475.0,3,2,0,3,0,3,0,2,2,4,0,2,0,1,2,0,4
475,476.0,0,3,2,0,0,1,1,3,2,2,0,1,1,3,1,2,4
476,477.0,2,3,2,1,2,1,0,1,1,2,0,0,0,1,3,3,7
477,478.0,3,2,1,3,2,2,0,1,2,0,0,0,0,2,1,0,7
478,479.0,0,1,3,3,4,2,1,0,3,1,4,1,1,2,4,1,9
479,480.0,2,1,1,4,2,2,0,1,1,0,1,1,2,1,1,2,7
480,481.0,2,2,3,0,1,1,1,1,0,6,2,4,0,1,2,3,12
481,482.0,2,1,1,2,0,2,3,2,5,2,1,1,1,3,3,0,13
482,483.0,1,2,2,0,4,1,2,0,1,0,0,2,1,1,1,0,2
483,484.0,2,2,3,1,2,1,4,1,1,1,1,2,1,1,4,3,12
484,485.0,0,4,4,1,1,1,4,1,2,3,1,0,1,1,1,4,1
485,486.0,2,0,3,1,2,2,3,3,2,2,1,1,0,2,2,0,0
486,487.0,6,2,1,2,0,6,0,1,1,1,1,0,2,1,1,1,4
487,488.0,1,1,1,0,1,3,5,1,2,2,1,0,0,2,1,1,11
488,489.0,0,2,0,0,2,0,0,4,2,4,3,0,2,0,2,0,7
489,490.0,1,4,1,0,2,2,3,2,3,1,3,1,0,0,1,0,11
490,491.0,2,2,1,1,1,0,2,1,0,1,2,1,2,5,5,1,9
491,492.0,0,1,0,2,1,2,1,1,0,0,2,1,0,2,0,3,2
492,493.0,2,2,2,1,0,0,2,2,2,2,3,0,2,1,1,1,7
493,494.0,2,4,2,1,1,4,1,2,1,1,0,0,3,2,6,1,0
494,495.0,4,2,1,3,1,2,1,3,1,0,0,2,2,2,1,1,4
495,496.0,0,2,2,2,1,0,3,1,2,0,0,0,1,2,3,2,11
496,497.0,3,0,2,0,2,0,4,4,2,2,0,0,3,3,1,2,10
497,498.0,2,0,1,1,1,2,3,2,1,3,1,1,4,4,0,1,0
498,499.0,1,1,3,4,1,1,1,3,3,1,2,1,3,3,0,2,0
499,500.0,2,1,3,3,0,0,2,3,2,1,2,2,4,2,1,0,0
500,501.0,1,1,1,0,3,2,1,1,1,0,3,0,4,2,1,0,2
501,502.0,2,4,4,1,1,5,1,1,3,0,0,3,1,2,4,2,13
502,503.0,3,2,3,0,1,1,2,1,3,4,0,1,4,5,1,1,3
503,504.0,2,1,2,0,1,1,5,2,2,2,3,1,1,2,3,0,12
504,505.0,0,4,1,0,1,2,3,2,2,2,2,0,0,1,1,0,11
505,506.0,7,3,3,1,1,4,4,3,2,1,0,0,2,1,2,1,3
506,507.0,1,1,1,1,1,1,2,2,1,0,4,3,1,3,3,0,9
507,508.0,4,1,1,2,1,3,1,1,1,0,1,0,3,2,2,2,7
508,509.0,0,3,0,2,2,0,1,1,3,1,2,2,1,2,0,0,11
509,510.0,2,3,3,1,2,2,0,2,0,2,2,0,1,2,2,2,7
510,511.0,4,3,3,1,0,0,0,2,2,1,0,3,0,2,2,1,4
511,512.0,2,1,3,1,2,0,3,3,2,2,1,0,0,4,0,2,10
512,513.0,1,0,2,1,5,0,4,2,1,3,5,2,1,2,0,2,9
513,514.0,2,1,1,2,1,2,3,1,0,2,2,2,0,1,0,2,2
514,515.0,2,1,2,4,1,0,3,0,4,3,0,1,1,1,2,3,1
515,516.0,1,3,1,1,0,3,1,1,1,2,2,2,1,3,2,2,12
516,517.0,1,2,1,1,3,2,4,2,0,3,1,1,0,2,0,2,2
517,518.0,1,2,0,0,2,2,5,5,0,2,3,1,0,1,2,0,5
518,519.0,3,1,3,0,2,1,2,1,1,2,1,0,4,1,0,1,6
519,520.0,3,1,1,1,2,2,4,3,3,0,2,1,2,2,3,2,14
520,521.0,0,0,2,1,1,0,1,4,3,1,2,0,3,2,2,1,10
521,522.0,1,5,2,2,1,3,1,1,2,7,2,1,2,1,1,1,1
522,523.0,1,2,0,3,1,0,2,0,3,1,2,3,1,1,0,2,1
523,524.0,1,3,2,2,1,1,0,2,1,1,0,1,1,0,1,2,6
524,525.0,0,0,2,1,0,0,1,4,1,4,1,3,0,0,2,0,11
525,526.0,2,8,1,1,2,5,1,7,2,2,5,1,3,2,3,0,14
526,527.0,4,3,0,2,0,0,0,1,1,2,1,0,2,2,3,3,7
527,528.0,2,2,1,0,4,1,1,0,2,1,4,0,2,2,2,1,5
528,529.0,1,3,2,1,0,1,2,3,3,3,0,1,2,4,0,3,3
529,530.0,0,3,1,1,2,2,1,2,3,1,1,0,1,2,2,1,11
530,531.0,1,1,3,1,2,2,0,1,1,2,1,2,3,0,5,0,11
531,532.0,2,1,1,4,1,1,4,2,3,3,4,0,3,1,2,0,0
532,533.0,1,2,2,2,1,1,0,2,0,4,3,3,3,4,5,0,9
533,534.0,2,1,2,1,0,1,1,5,1,0,2,3,3,1,1,0,4
534,535.0,2,3,1,1,1,0,3,1,3,3,2,2,1,4,4,1,14
535,536.0,0,1,1,1,0,2,1,2,4,1,2,5,0,1,3,1,1
536,537.0,1,0,3,0,2,1,2,4,3,1,1,2,2,1,1,1,4
537,538.0,2,1,1,0,1,1,1,2,2,4,2,2,2,3,5,0,9
538,539.0,1,2,0,0,1,1,2,2,2,2,0,1,0,2,6,0,12
539,540.0,1,2,2,2,1,3,2,0,1,1,1,1,2,3,2,0,11
540,541.0,0,4,1,3,2,1,1,1,1,1,2,2,2,1,2,0,11
541,542.0,0,0,1,2,1,0,1,0,0,1,3,2,2,2,3,0,2
542,543.0,1,3,2,1,1,0,1,2,4,1,2,2,0,1,0,1,4
543,544.0,0,2,1,1,1,1,1,3,0,2,1,2,0,2,3,2,2
544,545.0,1,3,1,1,0,0,2,5,1,1,0,0,3,2,0,1,4
545,546.0,3,3,0,0,1,1,2,2,2,1,2,2,2,1,3,0,0
546,547.0,0,0,1,4,1,2,1,3,0,1,3,2,1,1,0,3,2
547,548.0,0,1,3,2,2,0,1,2,3,0,1,1,0,0,0,3,6
548,549.0,1,1,2,2,2,1,2,2,2,3,0,0,0,0,0,2,6
549,550.0,2,3,2,0,1,1,4,6,2,1,1,1,2,2,1,3,3
550,551.0,0,1,3,1,1,1,3,1,1,1,3,1,1,4,1,3,5
551,552.0,1,1,0,3,2,1,0,2,1,1,1,1,0,2,2,3,2
552,553.0,1,2,2,0,1,0,1,1,2,3,3,1,1,4,1,1,5
553,554.0,0,3,0,2,0,2,0,2,1,2,1,2,3,1,3,0,11
554,555.0,2,1,0,2,1,0,2,0,1,3,1,0,0,0,3,1,2
555,556.0,2,0,1,2,1,2,0,2,2,3,0,1,1,1,2,1,6
556,557.0,0,2,3,2,1,2,1,1,2,0,1,2,2,1,2,2,1
557,558.0,0,0,1,0,3,1,2,2,3,1,3,2,2,2,3,3,12
558,559.0,3,4,0,1,2,1,1,4,2,0,2,1,1,1,2,3,10
559,560.0,6,3,2,2,1,0,2,4,1,0,1,0,3,2,1,2,10
560,561.0,2,4,2,1,1,3,0,3,2,1,2,3,3,0,0,0,4
561,562.0,1,0,1,4,2,1,0,1,6,1,1,3,1,1,1,1,1
562,563.0,1,1,4,1,2,2,1,2,1,0,5,4,1,1,3,0,5
563,564.0,0,0,3,4,0,2,1,1,1,3,2,0,2,2,1,2,11
564,565.0,2,1,2,2,1,1,1,3,1,3,1,2,2,1,3,3,11
565,566.0,4,4,3,1,1,2,1,3,1,2,3,2,2,3,1,1,10
566,567.0,1,1,0,0,1,0,1,2,1,1,0,2,1,2,2,5,2
567,568.0,1,0,0,0,2,3,2,3,2,1,1,3,1,1,0,1,11
568,569.0,1,4,1,1,2,1,1,4,0,3,2,1,3,0,6,2,5
569,570.0,0,1,2,0,1,3,0,0,2,2,3,2,3,2,3,2,12
570,571.0,2,1,1,2,1,1,0,1,1,0,0,4,3,1,5,1,11
571,572.0,2,1,2,1,1,1,3,3,1,0,3,1,0,1,4,1,5
572,573.0,3,1,2,1,3,4,1,1,1,1,4,3,1,1,2,0,5
573,574.0,2,2,6,2,1,2,3,1,1,0,0,2,1,2,1,2,4
574,575.0,1,0,2,0,1,1,3,0,3,3,2,4,2,2,3,2,12
575,576.0,3,4,2,2,2,0,2,1,1,4,0,2,6,3,0,2,3
576,577.0,3,3,2,1,2,1,0,2,1,2,1,2,2,3,1,1,10
577,578.0,0,0,2,3,1,1,0,3,1,1,3,0,2,3,1,1,7
578,579.0,2,0,0,1,3,2,1,2,2,3,1,0,2,1,6,1,5
579,580.0,1,0,1,1,3,3,1,3,4,1,2,0,1,2,1,3,0
580,581.0,1,4,0,3,1,2,0,1,5,2,0,3,0,2,1,2,1
581,582.0,2,3,1,3,1,1,0,1,3,1,0,2,1,4,2,0,0
582,583.0,2,0,1,0,1,0,3,2,1,4,1,0,2,2,4,0,5
583,584.0,3,2,1,1,6,2,3,0,2,2,1,1,2,2,0,2,5
584,585.0,2,1,0,3,0,2,0,3,3,2,1,1,1,1,4,0,0
585,586.0,0,2,1,2,0,0,3,2,2,1,1,0,1,2,1,1,11
586,587.0,1,3,1,1,0,5,3,0,1,3,2,1,2,2,1,0,1
587,588.0,2,0,4,5,0,3,3,0,2,1,3,0,4,0,1,1,1
588,589.0,1,4,1,0,5,0,3,2,1,1,1,1,1,2,3,2,5
589,590.0,4,0,0,1,0,1,1,4,1,1,0,0,1,4,5,2,8
590,591.0,0,4,0,0,2,1,4,1,1,2,0,1,1,4,6,0,9
591,592.0,1,0,3,2,2,2,1,4,0,1,0,1,2,4,3,3,5
592,593.0,2,2,2,2,2,1,2,1,1,2,3,0,1,2,2,1,5
593,594.0,2,0,3,1,2,3,1,1,0,3,2,2,1,0,6,0,5
594,595.0,1,2,2,1,2,4,2,2,2,1,2,3,2,1,2,1,1
595,596.0,2,0,0,2,1,1,2,3,2,1,1,3,1,1,5,3,12
596,597.0,0,1,3,1,1,2,0,2,4,2,1,1,0,3,2,2,0
597,598.0,1,1,1,1,3,1,3,2,3,2,1,0,0,0,2,1,11
598,599.0,1,0,0,1,3,0,1,2,2,1,3,0,0,3,1,1,5
