customer_id,Action,Animation,Children,Classics,Comedy,Documentary,Drama,Family,Foreign,Games,Horror,Music,New,Sci-Fi,Sports,Travel,Cluster
1.0,2,2,0,6,5,1,4,1,1,1,0,2,2,2,2,1,2
2.0,3,3,1,4,0,1,0,1,1,2,0,1,2,1,5,2,1
3.0,4,3,0,1,2,1,1,1,0,2,2,2,2,3,2,0,1
4.0,1,1,1,1,2,1,2,1,2,0,3,0,1,2,2,2,2
5.0,1,6,2,7,1,1,1,4,1,3,2,2,3,0,3,1,1
6.0,2,2,3,1,2,0,4,1,2,2,0,2,2,3,2,0,1
7.0,2,5,2,1,1,2,2,2,2,0,2,1,4,0,5,2,1
8.0,1,1,1,4,0,1,4,0,1,0,2,0,2,2,3,2,2
9.0,0,0,1,3,3,1,1,1,4,0,2,0,1,0,2,4,2
10.0,2,1,2,1,1,4,2,0,2,4,1,0,0,1,3,1,4
11.0,2,1,3,2,0,3,2,1,0,5,1,2,1,0,1,0,4
12.0,3,0,1,3,3,1,6,0,1,1,5,0,0,2,1,1,2
13.0,2,2,0,4,1,0,3,0,3,0,2,0,2,2,3,3,2
14.0,3,2,3,1,1,3,3,1,3,3,2,0,0,2,1,0,4
15.0,1,2,3,4,2,2,2,2,4,0,2,0,0,1,4,3,3
16.0,1,4,2,1,2,3,1,3,2,1,0,0,1,1,6,0,1
17.0,3,0,4,0,0,0,0,3,5,1,0,1,1,2,1,0,3
18.0,1,1,1,3,1,3,1,1,0,1,3,2,1,1,2,0,4
19.0,0,0,2,0,2,3,0,2,1,2,3,1,2,1,4,1,2
20.0,1,1,3,2,3,2,2,1,1,1,0,1,7,0,4,1,3
21.0,2,1,0,2,1,3,1,1,5,2,1,1,3,6,3,3,3
22.0,1,2,1,0,2,2,0,2,3,2,1,0,1,2,3,0,2
23.0,2,5,1,2,2,0,1,0,0,3,1,0,3,6,3,1,1
24.0,2,3,2,2,1,2,1,3,1,2,2,1,0,1,0,2,1
25.0,4,2,1,3,1,2,1,2,3,3,1,2,0,3,1,0,1
26.0,3,0,2,2,1,5,4,1,4,3,1,2,0,2,3,1,4
27.0,1,3,3,3,2,3,1,3,4,0,0,1,1,0,4,2,3
28.0,4,1,1,1,2,3,4,1,1,1,1,2,2,3,2,3,4
29.0,2,3,5,1,1,2,4,1,3,4,1,0,3,1,2,3,3
30.0,2,1,3,1,3,4,5,2,1,1,3,1,0,3,3,1,4
31.0,0,2,1,4,1,4,3,2,4,1,0,1,1,2,0,0,4
32.0,0,3,1,3,3,3,2,4,0,1,2,2,0,2,1,2,2
33.0,0,2,2,2,2,1,2,1,1,1,1,2,1,1,2,0,2
34.0,2,1,2,2,2,2,0,2,0,3,3,1,0,2,2,0,2
35.0,5,1,0,1,4,1,2,2,3,0,3,1,1,5,3,0,2
36.0,2,2,4,3,2,0,1,1,2,1,1,5,1,0,2,0,3
37.0,0,1,1,3,4,2,2,0,0,3,0,2,2,2,1,0,2
38.0,0,2,7,5,1,2,2,4,4,0,1,1,2,1,0,2,3
39.0,3,2,1,1,2,1,2,2,2,3,2,0,3,2,2,1,3
40.0,3,2,3,2,2,3,1,2,2,3,2,1,0,1,0,0,4
41.0,2,5,0,0,1,2,1,2,3,3,0,1,0,3,2,0,1
42.0,4,1,1,1,1,3,2,1,1,1,3,2,1,6,1,1,4
43.0,2,0,1,2,0,2,0,2,2,2,1,0,4,2,1,3,3
44.0,2,5,2,0,3,1,1,0,0,4,2,2,0,2,1,1,1
45.0,4,0,2,3,2,1,0,3,1,3,0,1,1,3,2,1,3
46.0,1,5,1,3,1,1,3,4,1,3,3,2,2,2,0,2,1
47.0,4,3,2,0,4,0,2,0,2,1,0,0,0,1,1,2,1
48.0,2,2,2,1,1,0,0,1,3,0,0,3,0,1,0,1,2
49.0,3,3,2,2,0,2,0,5,2,1,1,1,3,2,1,0,3
50.0,1,2,3,0,1,2,5,2,5,3,2,3,1,2,0,3,3
51.0,6,3,0,1,3,1,4,3,3,1,0,2,1,3,0,2,1
52.0,1,0,3,3,4,4,2,1,2,2,2,1,1,1,1,1,4
53.0,0,3,2,5,1,3,4,1,2,1,0,0,1,1,4,2,4
54.0,0,6,0,3,4,2,1,3,0,2,0,1,3,2,1,1,1
55.0,2,1,1,1,1,1,2,1,2,3,1,0,2,1,3,0,2
56.0,3,1,1,4,4,2,2,1,2,2,0,0,1,2,2,3,2
57.0,4,0,1,3,1,2,0,2,4,3,2,0,1,3,2,0,3
58.0,3,1,1,0,3,2,2,2,3,2,1,0,1,2,2,2,2
59.0,0,2,0,1,3,1,2,1,1,1,2,2,5,0,2,4,2
60.0,4,0,2,1,0,1,1,1,2,2,2,3,1,1,3,1,2
61.0,1,0,0,2,1,0,2,1,0,1,0,1,1,2,2,0,2
62.0,1,3,0,1,1,1,2,1,0,5,2,2,1,2,1,0,1
63.0,1,0,2,1,2,4,3,0,1,1,1,1,4,1,1,2,4
64.0,1,5,1,1,3,6,4,2,1,1,0,3,2,1,0,2,4
65.0,3,4,0,0,2,1,3,1,2,0,1,1,0,1,1,2,1
66.0,3,1,1,4,2,3,3,3,3,4,2,1,1,0,1,2,3
67.0,3,0,1,0,2,3,0,2,0,3,1,1,2,2,1,1,4
68.0,2,1,2,3,1,1,2,3,0,2,0,1,2,0,2,0,3
69.0,1,1,2,2,0,0,1,3,0,3,1,3,2,4,1,1,2
70.0,0,2,0,0,1,2,0,1,1,2,1,2,2,1,3,0,2
71.0,4,3,1,1,0,1,1,2,3,2,0,6,1,1,2,2,1
72.0,4,4,1,2,1,2,1,1,2,1,4,3,1,0,3,0,1
73.0,1,1,4,2,0,2,2,2,4,3,1,0,2,0,0,0,3
74.0,1,3,2,3,1,1,0,1,1,2,2,0,0,4,2,4,1
75.0,4,3,4,4,2,2,1,6,4,1,1,1,3,2,1,2,3
76.0,0,4,2,0,1,3,6,2,1,0,1,1,1,0,1,0,4
77.0,2,0,0,3,2,2,2,3,0,3,2,2,0,2,3,2,2
78.0,4,3,2,2,2,1,0,4,0,0,1,0,2,4,5,1,1
79.0,1,0,0,1,1,0,3,0,2,2,4,0,2,5,1,0,2
80.0,0,2,1,2,2,3,2,2,2,1,2,2,5,1,2,1,4
81.0,0,1,0,0,2,2,0,3,1,2,4,0,2,2,3,0,2
82.0,4,4,1,1,1,2,1,1,0,0,2,2,1,3,2,1,1
83.0,2,3,1,4,0,2,1,0,1,1,1,0,2,5,1,1,1
84.0,2,4,3,2,2,2,3,3,3,1,2,0,0,1,4,1,1
85.0,2,0,0,2,3,2,1,0,2,1,1,1,2,3,0,3,2
86.0,1,3,2,3,1,2,4,2,3,0,3,2,1,2,3,1,2
87.0,3,2,3,3,2,2,1,0,0,2,0,2,2,3,3,2,1
88.0,1,2,1,1,1,0,0,3,1,0,2,3,1,1,1,3,2
89.0,4,1,0,2,3,4,3,2,1,2,2,1,1,1,3,2,4
90.0,1,5,1,0,0,0,4,1,1,3,0,5,2,3,1,1,1
91.0,2,1,3,2,4,3,4,1,0,1,2,1,1,2,5,3,4
92.0,1,2,1,2,2,3,4,0,1,0,4,1,3,2,0,2,4
93.0,2,2,0,4,1,1,1,1,3,2,1,2,0,0,3,0,2
94.0,1,2,0,1,1,2,2,3,1,1,2,1,0,2,2,0,2
95.0,3,0,1,2,2,1,2,2,2,0,0,1,1,0,1,0,2
96.0,0,1,1,3,1,4,4,2,3,2,1,1,2,0,2,0,4
97.0,1,1,0,0,1,3,0,0,2,1,1,2,4,0,0,2,4
98.0,1,0,1,1,1,2,2,2,1,3,0,2,2,2,4,1,2
99.0,1,3,0,2,1,2,1,2,2,0,1,0,3,2,4,0,1
100.0,2,4,1,4,3,2,1,2,0,1,0,0,0,1,1,2,1
101.0,1,5,1,0,1,0,0,0,0,2,3,2,0,5,3,1,1
102.0,4,2,1,3,3,3,1,4,1,1,1,0,0,5,3,1,1
103.0,3,4,2,0,2,3,1,2,2,1,3,1,1,1,3,2,1
104.0,3,2,2,1,1,0,3,1,3,1,0,1,2,0,2,2,3
105.0,2,2,4,0,2,0,0,0,0,3,0,4,1,3,3,2,1
106.0,2,0,2,2,1,1,0,3,0,2,4,1,1,1,1,2,2
107.0,0,1,0,0,2,2,3,3,2,3,0,2,2,5,4,1,2
108.0,2,3,2,1,4,1,3,1,2,0,1,2,3,4,0,1,1
109.0,2,0,1,4,1,1,1,2,1,1,1,1,1,4,2,3,2
110.0,0,2,0,1,0,2,2,1,2,2,0,1,0,0,0,1,2
111.0,6,3,1,1,0,1,0,2,3,1,3,0,2,0,0,3,3
112.0,0,3,0,5,2,1,4,3,1,2,1,0,3,1,2,2,3
113.0,1,1,1,1,1,5,4,3,2,1,2,1,1,2,1,2,4
114.0,4,1,3,3,1,1,2,2,5,1,1,1,3,0,3,2,3
115.0,1,2,3,4,0,3,2,1,3,2,0,3,0,1,3,2,4
116.0,1,2,0,2,1,1,1,7,2,0,2,1,2,2,2,1,3
117.0,3,1,2,0,1,0,0,1,3,1,1,0,0,2,3,1,2
118.0,1,1,1,2,2,1,1,0,2,4,0,0,2,1,3,0,2
119.0,3,3,2,1,1,4,2,1,2,1,0,2,4,5,3,0,4
120.0,4,2,0,1,3,1,3,4,0,2,1,4,1,0,3,3,1
121.0,4,2,2,1,2,4,1,0,1,0,2,1,1,2,2,1,4
122.0,0,0,0,3,3,1,3,1,2,1,5,0,3,2,5,3,2
123.0,2,1,3,1,0,3,0,1,1,0,2,0,4,2,3,1,4
124.0,2,1,2,1,0,3,2,0,0,1,1,1,1,1,1,1,4
125.0,3,3,0,1,2,6,0,2,2,2,2,1,1,0,5,2,4
126.0,6,0,1,2,0,1,2,4,3,1,2,1,5,0,0,0,3
127.0,1,2,2,2,1,0,1,3,1,1,0,1,3,2,0,4,3
128.0,3,4,2,0,3,0,1,0,2,2,1,4,2,3,4,1,1
129.0,3,2,4,4,3,2,1,4,2,3,0,1,1,1,1,2,3
130.0,1,0,1,2,1,1,1,2,2,2,2,0,2,6,0,1,2
131.0,4,4,1,1,2,1,1,1,2,2,0,2,1,2,3,3,1
132.0,0,4,1,4,2,1,1,1,3,2,0,3,0,2,4,0,1
133.0,3,0,1,0,1,5,7,1,1,1,0,0,1,3,2,1,4
134.0,0,4,0,1,2,0,4,1,1,1,5,0,0,1,2,1,2
135.0,2,2,5,1,1,2,1,4,1,1,2,1,0,2,3,2,3
136.0,3,1,1,2,0,0,1,0,1,1,0,2,1,1,1,0,2
137.0,2,3,1,1,4,2,2,0,2,6,3,2,1,1,5,4,1
138.0,3,2,3,1,1,3,1,5,0,2,1,2,3,0,6,1,3
139.0,3,3,0,0,0,3,2,1,3,3,2,1,1,2,2,1,1
140.0,1,1,1,0,1,0,0,2,1,0,0,1,2,3,2,3,2
141.0,2,3,5,0,4,0,3,3,1,0,2,0,1,4,1,3,1
142.0,1,1,2,2,0,5,2,1,2,0,1,1,1,2,3,2,4
143.0,1,2,2,0,1,3,2,2,1,0,2,0,1,3,1,1,4
144.0,4,2,2,4,3,2,5,3,1,3,2,2,4,1,2,2,3
145.0,3,7,0,0,2,1,0,0,3,2,3,0,1,4,1,1,1
146.0,2,3,1,0,2,3,2,3,2,1,2,4,2,1,0,1,4
147.0,6,4,0,2,1,3,2,1,1,2,0,3,3,3,3,0,1
148.0,3,0,0,4,2,3,1,6,4,3,4,1,2,7,1,5,0
149.0,1,1,3,1,1,2,2,1,1,1,1,1,3,3,4,0,4
150.0,3,2,0,0,1,1,1,1,1,3,1,1,1,3,4,2,1
151.0,6,3,1,1,2,3,1,0,0,2,2,1,1,2,2,0,1
152.0,2,2,2,1,3,0,2,2,1,0,1,2,1,1,0,1,2
153.0,1,1,2,3,2,2,1,0,0,4,2,1,2,1,1,1,4
154.0,2,1,3,1,2,3,3,3,1,1,3,0,2,4,1,0,4
155.0,1,4,1,4,1,4,0,3,1,1,0,0,2,1,0,2,4
156.0,3,0,2,1,2,2,1,2,1,0,4,1,1,1,2,2,2
157.0,1,3,2,0,2,6,0,2,2,2,1,5,1,1,2,1,4
158.0,0,4,3,1,2,3,1,1,1,2,3,1,2,3,3,2,1
159.0,4,3,0,4,2,0,0,1,1,0,0,0,2,1,1,2,1
160.0,1,2,1,2,1,4,2,3,2,0,0,3,2,1,2,1,4
161.0,0,3,1,2,0,2,3,1,4,1,2,2,4,2,2,1,3
162.0,2,2,1,2,1,0,2,2,1,0,2,1,1,0,3,0,2
163.0,2,2,0,3,1,4,0,2,1,2,0,0,3,2,4,3,4
164.0,1,1,2,0,0,1,2,2,2,0,0,2,0,1,1,1,2
165.0,0,2,2,4,1,1,0,0,0,2,1,1,2,3,1,1,2
166.0,0,1,2,4,2,2,1,2,1,0,1,4,1,3,3,1,2
167.0,3,1,1,1,2,3,1,4,1,1,3,5,1,1,3,1,2
168.0,1,3,0,1,2,2,2,4,6,4,4,2,2,1,0,0,3
169.0,0,1,2,1,1,0,3,3,3,0,1,1,2,2,2,0,2
170.0,0,1,1,1,2,1,1,2,3,2,1,1,3,4,1,2,2
171.0,1,1,5,0,0,4,0,0,2,3,2,1,0,2,3,2,4
172.0,5,4,4,0,1,2,3,0,1,3,1,3,0,2,1,3,1
173.0,2,2,1,1,3,5,1,4,1,2,0,0,2,1,0,4,4
174.0,3,2,0,0,2,3,2,0,1,2,1,1,1,0,0,3,4
175.0,2,0,0,1,1,0,3,1,0,4,3,1,4,1,2,1,2
176.0,2,5,3,0,5,2,3,2,4,0,1,0,1,4,4,1,1
177.0,2,1,3,1,2,2,2,0,0,0,2,1,1,1,4,1,4
178.0,1,4,3,2,0,4,4,2,4,0,2,2,1,3,3,4,4
179.0,2,0,2,2,1,4,1,6,2,1,0,1,1,3,1,2,3
180.0,2,1,1,1,1,4,0,3,1,2,2,0,1,1,2,1,4
181.0,1,1,1,3,2,2,1,7,3,1,5,1,0,1,2,3,0
182.0,1,0,1,1,2,2,2,3,2,5,0,1,5,3,2,0,3
183.0,1,0,1,1,0,3,1,3,3,2,1,1,1,4,1,0,2
184.0,1,4,0,0,1,1,3,1,1,1,1,2,3,1,1,2,1
185.0,5,2,2,3,0,0,1,0,5,1,0,0,0,2,1,1,3
186.0,3,2,0,5,3,1,3,1,5,3,2,0,2,0,1,0,3
187.0,3,1,1,4,1,3,1,3,0,1,2,3,2,1,2,0,4
188.0,2,2,0,0,3,2,4,2,1,0,2,1,0,2,2,2,2
189.0,0,2,2,2,1,1,1,2,2,0,0,2,2,2,2,1,2
190.0,3,2,0,3,1,0,3,3,0,2,3,2,1,1,0,3,2
191.0,1,0,2,0,1,3,1,1,2,2,0,2,2,2,1,0,4
192.0,0,2,0,2,3,1,1,2,1,0,3,2,1,1,2,2,2
193.0,1,3,2,1,1,0,0,2,1,5,1,2,0,0,3,3,1
194.0,2,3,0,0,1,0,1,1,0,2,2,0,2,2,1,1,1
195.0,2,1,0,1,1,0,4,1,0,1,0,2,1,0,3,2,2
196.0,3,8,2,1,2,4,1,2,2,4,0,0,3,1,2,0,1
197.0,1,3,5,3,7,2,2,3,0,1,4,1,2,2,2,2,1
198.0,1,1,2,2,3,5,2,3,4,4,1,3,1,3,0,2,4
199.0,2,1,4,0,2,0,1,2,1,2,0,1,5,0,2,2,3
200.0,2,1,1,2,1,3,2,4,2,4,1,0,0,0,2,2,3
201.0,1,3,0,2,1,0,3,3,1,1,2,2,1,1,3,1,2
202.0,0,5,3,0,1,3,1,2,2,1,3,1,1,2,0,1,1
203.0,3,2,3,3,0,2,2,0,0,0,1,0,1,1,0,2,4
204.0,2,1,3,2,2,1,1,1,5,3,5,1,5,1,1,1,3
205.0,1,1,0,1,1,1,0,1,1,1,3,1,1,2,2,1,2
206.0,1,3,2,1,1,4,0,0,2,1,1,2,7,0,1,1,4
207.0,2,1,0,3,2,2,2,2,2,4,2,2,4,1,3,2,3
208.0,1,2,3,0,1,4,3,3,0,2,1,1,2,2,1,0,4
209.0,6,1,5,3,1,4,0,0,2,3,1,1,1,1,3,0,4
210.0,4,0,3,1,1,1,2,0,3,2,2,1,5,2,4,0,3
211.0,2,3,0,4,2,1,1,4,3,2,1,5,0,3,2,1,1
212.0,1,1,4,3,0,0,0,2,2,0,0,0,2,3,2,0,3
213.0,1,0,4,0,0,1,3,6,1,2,0,1,2,2,2,3,3
214.0,2,2,3,1,2,1,2,2,3,0,2,3,1,1,4,2,2
215.0,1,1,1,1,2,1,1,0,6,0,0,2,2,1,5,2,2
216.0,1,2,0,1,1,1,2,0,0,2,3,0,2,1,2,5,2
217.0,3,2,1,2,0,1,3,2,1,2,0,1,0,3,0,2,1
218.0,1,1,1,2,3,2,2,0,1,1,0,0,2,1,0,1,4
219.0,0,2,0,1,2,1,1,3,2,1,2,3,1,4,1,2,2
220.0,3,2,0,2,1,2,2,3,1,0,0,3,4,1,2,1,3
221.0,2,2,2,1,3,2,5,2,1,2,1,0,1,1,2,1,4
222.0,1,1,4,2,1,1,1,2,1,1,1,0,2,1,2,0,3
223.0,2,0,1,0,0,1,1,2,2,0,1,1,0,2,2,2,2
224.0,1,1,1,2,1,4,2,1,5,0,2,0,0,0,2,0,4
225.0,1,1,1,1,2,0,3,1,1,3,2,2,2,3,2,1,2
226.0,1,3,1,2,1,0,1,1,1,1,1,3,0,3,1,1,1
227.0,1,3,3,1,2,4,0,2,2,2,0,0,1,3,0,0,4
228.0,3,2,2,2,1,3,0,2,4,1,0,0,1,1,3,2,3
229.0,2,1,1,1,1,0,3,1,1,0,1,2,3,1,4,3,2
230.0,4,3,1,4,1,0,1,0,2,3,0,1,3,6,3,1,1
231.0,1,3,3,1,3,3,2,0,0,2,1,3,1,1,2,0,4
232.0,2,3,2,0,0,2,1,1,3,2,0,1,1,4,1,2,1
233.0,1,1,1,2,2,0,2,3,2,2,1,1,0,3,1,1,2
234.0,1,1,2,4,2,2,1,2,4,2,0,2,1,0,2,0,3
235.0,3,4,0,0,1,1,2,4,0,0,2,1,2,1,2,2,1
236.0,2,4,3,2,1,1,0,4,5,5,1,2,4,2,3,3,3
237.0,1,1,3,5,0,1,2,5,1,2,2,4,2,1,2,1,3
238.0,1,1,5,2,0,0,1,2,0,1,1,1,2,1,0,3,3
239.0,3,5,2,1,0,3,2,2,2,3,1,2,3,2,2,1,1
240.0,1,2,3,0,1,2,3,3,0,0,1,2,4,0,2,2,4
241.0,3,1,4,3,3,3,1,4,3,1,0,1,5,1,1,0,3
242.0,3,3,2,4,0,1,4,3,2,1,1,0,5,2,0,1,3
243.0,2,0,3,2,1,8,0,2,0,3,0,0,1,0,1,1,4
244.0,3,2,3,2,6,1,2,3,3,0,1,0,3,1,1,1,3
245.0,1,4,4,3,2,1,1,1,3,2,1,0,2,2,4,1,1
246.0,3,0,1,3,0,1,0,2,3,2,0,1,0,6,0,1,2
247.0,1,1,2,2,1,2,2,0,1,2,0,0,0,3,3,2,2
248.0,0,0,1,0,0,1,0,2,3,0,1,0,1,4,1,1,2
249.0,1,1,0,2,2,3,1,1,1,4,2,0,0,1,1,3,2
250.0,2,1,1,0,0,2,1,2,2,0,2,0,0,3,1,3,2
251.0,4,3,2,3,1,2,0,0,2,1,2,3,0,5,1,2,1
252.0,2,1,2,0,2,4,3,0,0,1,1,1,0,1,2,2,4
253.0,0,5,2,1,1,3,4,1,2,2,1,0,3,1,1,2,4
254.0,3,3,0,1,1,0,3,3,1,2,2,2,3,5,2,1,1
255.0,0,3,1,3,2,0,1,2,1,0,1,0,1,0,2,1,2
256.0,3,1,1,0,5,1,4,3,0,2,1,1,3,1,2,2,2
257.0,1,1,4,2,0,7,0,5,5,3,1,1,3,3,1,0,3
258.0,1,0,0,0,1,2,4,4,2,0,1,2,3,1,2,1,2
259.0,4,2,4,4,3,1,1,2,1,1,1,1,2,0,5,0,3
260.0,4,4,2,1,1,1,0,3,1,0,0,5,2,2,4,1,1
261.0,0,2,1,1,3,1,3,1,4,1,2,2,0,1,0,4,2
262.0,3,2,1,1,0,1,1,4,2,3,2,3,1,2,1,1,3
263.0,1,2,2,0,1,1,1,3,2,0,2,3,2,5,2,2,2
264.0,0,3,0,3,1,1,2,0,1,1,2,3,1,5,1,1,2
265.0,1,0,4,1,3,0,1,2,2,2,2,2,4,0,3,2,3
266.0,2,2,2,3,0,1,5,4,0,0,1,1,1,1,3,2,3
267.0,2,1,1,0,3,2,4,3,4,4,0,1,6,2,2,1,3
268.0,2,1,4,2,2,2,4,0,2,1,4,2,0,1,1,1,4
269.0,3,4,1,3,1,6,3,0,2,0,3,2,0,0,1,1,4
270.0,1,1,3,1,2,1,1,1,1,1,1,3,2,2,2,2,2
271.0,0,2,2,1,1,1,1,2,1,1,2,0,1,0,2,1,2
272.0,0,2,0,2,0,3,3,2,0,1,1,1,3,2,0,0,4
273.0,2,3,2,2,3,2,3,4,1,1,0,1,4,5,2,0,1
274.0,1,1,0,3,1,5,2,1,4,1,1,1,6,3,3,2,4
275.0,2,1,1,2,1,3,2,4,1,4,2,1,1,1,3,1,3
276.0,2,1,2,1,3,4,2,2,1,3,1,2,1,1,2,0,4
277.0,1,3,5,1,5,2,1,2,1,1,1,0,1,2,6,0,1
278.0,3,1,1,1,5,1,4,3,3,1,0,1,0,2,0,0,2
279.0,2,3,2,2,4,4,0,4,0,1,0,0,1,7,0,1,1
280.0,2,2,3,1,1,1,2,0,3,2,0,0,3,3,2,2,3
281.0,1,3,2,1,2,0,1,3,0,0,0,0,0,0,1,0,1
282.0,2,2,1,1,0,2,2,1,4,3,2,1,2,1,2,1,3
283.0,2,4,1,3,0,2,4,1,2,1,2,0,1,2,1,2,1
284.0,4,1,0,2,2,0,0,3,4,2,4,1,1,2,2,0,2
285.0,1,1,2,2,1,3,3,1,0,1,1,0,1,4,2,3,4
286.0,0,1,1,2,2,3,4,0,2,0,2,3,1,3,2,1,4
287.0,3,4,1,0,4,5,1,0,2,2,2,0,2,3,0,0,4
288.0,3,1,1,2,0,3,2,1,0,1,1,2,0,1,4,2,4
289.0,2,1,2,2,1,3,1,3,4,3,0,1,1,2,4,0,3
290.0,2,2,2,0,3,2,1,0,1,3,4,1,1,3,2,1,2
291.0,1,1,1,3,1,1,2,3,1,1,1,2,0,3,1,1,2
292.0,2,0,1,3,0,0,4,2,2,1,1,2,3,2,0,4,3
293.0,2,3,1,3,3,0,3,0,0,3,1,1,2,3,5,1,1
294.0,5,3,1,1,3,1,2,0,1,3,2,1,1,0,2,0,1
295.0,2,3,1,3,2,0,1,4,4,1,2,2,4,3,4,2,3
296.0,3,2,1,2,2,1,2,0,1,2,1,3,3,2,4,1,1
297.0,2,3,4,1,2,3,3,1,0,4,0,0,2,5,1,2,1
298.0,4,2,2,1,2,0,0,3,0,3,0,0,2,2,3,2,1
299.0,0,0,2,3,0,2,5,4,3,0,1,2,2,2,1,3,3
300.0,3,2,2,1,0,3,2,3,3,1,1,3,2,1,2,2,3
301.0,1,1,1,2,2,2,1,1,1,1,2,2,0,3,1,0,2
302.0,3,5,2,1,3,0,1,3,0,0,3,1,1,1,2,3,1
303.0,5,2,2,2,1,1,3,0,0,0,1,0,3,2,2,2,4
304.0,2,1,1,3,0,0,0,2,2,1,2,0,3,4,3,2,3
305.0,2,0,0,1,2,2,3,1,5,0,4,1,0,2,2,0,2
306.0,3,1,2,0,4,2,1,3,2,0,1,2,0,5,3,3,2
307.0,3,3,1,1,1,0,2,3,2,1,2,3,3,2,2,1,1
308.0,0,3,2,1,2,2,1,1,1,2,1,3,4,0,2,0,4
309.0,4,1,4,0,2,3,1,1,0,2,0,2,2,1,4,4,4
310.0,2,2,2,0,3,0,2,0,2,0,2,2,0,1,2,0,2
311.0,1,1,1,1,3,4,4,1,1,1,2,2,0,0,1,0,4
312.0,4,0,2,1,1,3,0,2,1,1,3,3,1,0,2,2,4
313.0,1,4,1,1,1,2,1,1,1,0,1,1,4,2,1,1,1
314.0,4,2,3,1,3,5,1,1,2,0,1,1,1,1,6,1,4
315.0,1,0,1,1,2,0,1,1,2,1,1,0,2,1,2,1,2
316.0,3,0,2,1,1,1,0,3,1,2,0,2,2,5,5,1,2
317.0,1,4,1,0,2,1,3,4,0,1,0,1,1,4,4,1,1
318.0,3,0,0,0,1,3,2,0,0,0,1,0,2,0,0,0,4
319.0,3,2,3,2,2,1,2,2,1,4,1,1,1,3,2,0,1
320.0,1,1,1,1,2,0,1,0,1,1,1,1,0,1,5,3,2
321.0,1,1,0,2,2,0,1,1,3,1,2,1,0,3,2,2,2
322.0,5,3,1,0,2,1,1,1,1,0,1,2,1,2,3,4,1
323.0,7,2,3,0,0,3,2,0,2,0,1,1,1,2,2,5,4
324.0,1,1,2,2,3,1,2,0,2,3,2,4,0,1,1,0,2
325.0,1,1,0,2,1,3,0,0,1,1,1,2,5,2,2,0,4
326.0,2,1,3,0,2,3,2,1,1,2,4,2,0,1,0,1,4
327.0,3,1,3,0,3,4,3,1,0,0,2,2,2,0,1,1,4
328.0,2,1,0,2,1,0,1,2,0,5,2,3,1,1,1,1,2
329.0,0,3,1,3,3,4,0,0,1,2,3,5,1,1,3,2,4
330.0,4,0,3,0,0,4,1,0,1,0,3,2,1,1,3,2,4
331.0,2,2,1,1,1,3,4,1,0,3,0,3,0,3,2,1,4
332.0,2,1,1,2,1,0,4,2,2,4,4,1,1,0,2,1,2
333.0,0,0,1,1,3,1,1,2,2,5,3,1,1,3,2,1,2
334.0,4,4,2,0,1,0,2,1,5,0,4,2,3,1,1,0,1
335.0,0,2,2,0,3,2,2,0,3,1,1,2,1,4,0,0,2
336.0,1,5,1,2,0,2,4,3,0,3,0,1,3,2,2,1,1
337.0,1,3,0,0,4,4,3,1,1,0,1,1,1,5,1,3,4
338.0,2,4,3,0,1,2,2,1,2,2,0,3,1,0,5,0,1
339.0,1,3,1,0,2,0,0,4,4,2,3,0,3,0,5,2,3
340.0,1,0,1,4,4,0,3,4,1,1,3,1,5,1,0,2,3
341.0,1,2,1,2,0,2,1,0,0,2,1,1,3,2,2,3,4
342.0,0,3,2,5,2,3,4,3,2,0,2,3,0,1,2,0,4
343.0,2,1,4,0,2,1,1,6,2,0,1,0,0,1,2,2,3
344.0,0,1,0,0,1,2,1,1,2,0,1,2,2,1,4,0,2
345.0,0,3,0,1,3,2,0,1,1,1,4,1,2,3,0,1,2
346.0,2,2,0,2,2,2,2,5,1,4,2,0,1,4,3,0,1
347.0,3,0,2,3,2,1,3,1,0,4,1,2,0,2,4,2,2
348.0,5,5,1,0,2,5,4,2,2,1,1,4,2,1,1,0,4
349.0,1,0,2,0,1,2,2,0,4,4,1,2,3,0,3,4,3
350.0,3,3,1,0,0,1,1,2,0,1,2,4,1,0,2,2,1
351.0,1,1,1,2,2,2,1,3,2,4,0,0,1,0,4,0,3
352.0,1,2,0,0,1,2,1,2,3,2,1,3,1,1,2,1,2
353.0,0,3,0,1,1,2,2,1,0,2,0,1,2,1,1,1,4
354.0,3,2,3,3,1,6,6,0,2,2,1,1,0,4,2,0,4
355.0,3,1,0,1,0,0,1,0,3,1,2,2,2,2,1,1,2
356.0,3,0,2,2,0,4,1,2,6,3,0,0,2,0,3,2,3
357.0,0,1,0,1,0,3,4,4,0,2,1,0,3,2,2,3,4
358.0,1,2,1,0,4,2,0,3,1,1,2,0,0,0,3,1,2
359.0,0,0,1,2,1,4,2,2,0,2,0,3,2,2,3,1,4
360.0,3,3,2,1,0,0,2,1,2,4,2,3,5,2,2,2,3
361.0,4,2,4,0,0,3,0,3,5,2,3,0,2,1,1,1,3
362.0,1,4,3,2,2,2,1,2,2,3,0,0,2,2,5,1,1
363.0,6,1,2,1,4,0,1,2,3,1,1,2,0,1,1,3,3
364.0,4,3,0,4,1,2,0,2,2,2,0,0,0,0,3,0,1
365.0,0,3,2,0,0,1,1,3,1,1,1,3,2,0,2,3,1
366.0,3,1,1,3,2,2,2,2,2,0,2,2,2,5,5,3,2
367.0,1,1,3,2,1,0,0,2,3,2,3,1,1,0,2,0,3
368.0,1,4,2,2,4,1,3,1,2,1,2,2,3,2,3,2,1
369.0,1,0,1,3,1,1,4,5,3,0,0,0,1,2,1,2,3
370.0,3,3,2,1,0,0,1,2,1,2,1,1,0,1,1,0,1
371.0,3,4,2,3,2,1,0,2,2,1,1,3,1,4,5,1,1
372.0,5,0,4,2,2,3,0,1,3,5,1,1,1,2,2,2,3
373.0,2,6,2,1,2,1,2,3,3,2,4,0,4,1,2,0,1
374.0,2,3,2,1,1,1,1,3,2,1,1,3,0,2,2,3,1
375.0,2,0,0,2,2,0,1,2,3,1,3,1,0,0,0,7,2
376.0,2,0,1,4,1,3,1,3,0,2,0,1,3,2,2,3,3
377.0,0,1,2,4,1,1,3,3,1,1,0,0,4,1,2,2,3
378.0,2,2,2,1,3,2,1,1,0,0,1,2,0,1,1,0,4
379.0,1,2,1,1,3,2,1,1,3,0,0,1,2,3,2,0,2
380.0,3,5,0,2,3,2,1,2,6,1,0,1,2,3,3,2,1
381.0,1,4,3,2,1,1,3,3,0,3,0,3,2,4,0,5,1
382.0,2,2,1,3,0,5,1,1,1,0,1,1,2,2,1,1,4
383.0,1,5,4,4,3,0,0,1,1,0,1,4,2,1,0,0,1
384.0,2,0,3,1,1,1,3,0,5,1,2,3,0,1,2,0,2
385.0,1,0,0,0,3,1,0,0,2,3,2,2,0,4,4,4,2
386.0,3,2,5,3,0,2,1,1,2,0,0,4,2,2,0,2,3
387.0,1,1,0,1,3,2,2,1,1,4,2,1,1,2,1,3,2
388.0,3,3,2,2,1,2,2,3,0,1,1,3,3,0,3,1,1
389.0,1,2,1,3,2,1,2,1,2,1,2,1,2,2,3,0,2
390.0,2,5,2,0,3,0,1,3,0,4,1,5,1,2,1,3,1
391.0,3,3,2,3,1,2,1,2,1,0,1,0,1,5,3,2,1
392.0,0,3,2,2,1,1,2,3,1,2,0,1,1,1,2,1,1
393.0,4,3,2,2,1,0,2,0,4,3,1,1,3,2,1,2,3
394.0,4,2,1,1,1,3,1,1,0,0,1,1,1,2,2,1,4
395.0,2,0,1,0,2,0,3,1,1,0,1,4,0,3,1,0,2
396.0,0,4,2,3,3,4,3,1,2,0,1,0,3,1,0,0,4
397.0,2,3,1,1,0,1,4,0,2,2,2,2,1,3,1,4,1
398.0,2,0,3,0,1,0,1,0,3,0,0,1,2,0,1,2,3
399.0,1,0,2,1,0,2,3,1,3,0,1,0,0,0,3,4,2
400.0,1,2,1,1,4,2,2,1,1,2,1,1,1,4,1,3,2
401.0,1,2,2,1,1,3,2,1,1,1,2,1,2,0,1,0,4
402.0,1,1,2,1,1,0,3,1,1,0,0,1,3,2,2,1,2
403.0,1,1,2,4,2,4,1,2,5,1,2,2,0,5,1,2,2
404.0,1,5,0,1,1,5,1,0,5,2,0,2,1,1,3,2,4
405.0,1,2,0,2,0,6,1,0,2,4,1,2,4,1,3,3,4
406.0,1,7,2,3,3,3,3,0,1,0,2,2,3,1,1,0,1
407.0,3,2,0,3,0,1,2,0,2,4,1,1,4,2,2,0,3
408.0,0,1,6,4,3,1,2,4,0,3,0,0,1,0,2,3,3
409.0,1,2,2,1,2,2,2,2,0,2,0,2,0,2,2,1,2
410.0,6,2,1,0,3,1,4,6,2,3,1,2,0,4,2,1,1
411.0,1,7,1,0,1,2,3,3,1,0,0,2,0,2,3,0,1
412.0,5,0,1,2,3,0,2,3,0,0,0,0,0,1,1,3,2
413.0,2,2,3,0,2,0,1,2,2,1,2,0,1,2,0,1,2
414.0,1,0,1,1,1,0,2,3,1,2,3,2,2,0,1,5,2
415.0,2,1,3,1,2,2,2,1,0,1,1,0,1,1,4,1,4
416.0,3,1,2,3,2,3,3,1,1,1,3,1,0,3,2,2,4
417.0,4,5,0,0,2,2,1,0,0,0,1,1,4,4,1,0,1
418.0,0,1,1,2,2,4,1,2,5,1,3,1,3,1,2,1,3
419.0,1,3,1,3,0,3,1,0,1,2,1,2,1,3,2,1,4
420.0,3,2,1,2,1,1,0,0,0,2,2,2,0,2,2,1,2
421.0,0,2,0,1,3,1,3,1,1,0,3,1,0,4,3,4,2
422.0,0,0,2,2,1,1,3,1,3,4,1,2,0,4,0,2,2
423.0,2,0,2,1,0,2,3,2,1,2,2,3,0,2,2,2,2
424.0,3,4,1,1,1,4,6,2,1,2,0,0,2,0,1,2,4
425.0,3,2,0,2,0,2,3,2,1,1,1,1,2,1,1,4,4
426.0,2,2,2,2,0,3,0,1,1,2,3,2,2,1,2,2,4
427.0,1,1,3,2,2,6,0,2,0,1,2,1,0,0,2,1,4
428.0,2,1,0,2,1,3,2,1,0,1,2,3,0,0,1,1,4
429.0,1,0,0,2,3,1,2,2,3,1,2,0,0,1,1,2,2
430.0,0,2,1,2,3,0,2,2,0,0,2,2,2,1,0,3,2
431.0,2,3,3,2,3,1,0,2,0,0,0,1,2,0,3,1,1
432.0,2,0,1,0,0,2,1,3,0,4,0,3,2,2,1,2,2
433.0,3,0,1,0,0,2,1,1,3,3,1,2,3,1,2,2,3
434.0,2,4,0,2,3,0,3,1,2,4,1,2,1,2,0,0,1
435.0,2,3,1,2,2,1,2,0,2,1,0,2,0,2,2,3,1
436.0,1,5,1,0,4,1,2,1,1,3,2,2,3,1,0,3,1
437.0,2,1,1,0,3,1,0,0,5,3,0,0,2,1,2,2,3
438.0,2,4,1,2,3,3,3,2,2,4,2,2,0,1,1,1,1
439.0,3,3,3,3,0,0,4,6,3,2,2,2,1,2,1,1,3
440.0,2,2,1,1,0,1,4,0,2,2,1,2,2,0,1,1,4
441.0,2,1,2,1,3,1,2,1,0,1,0,1,7,4,1,1,3
442.0,1,5,2,0,3,2,5,1,2,1,2,1,3,1,2,1,1
443.0,2,4,1,0,1,1,2,2,1,2,2,1,0,2,0,1,1
444.0,2,1,1,0,2,1,1,5,2,2,2,1,1,2,5,2,2
445.0,1,5,2,0,0,2,1,3,2,0,2,0,0,4,2,2,1
446.0,3,1,3,3,2,2,0,1,6,1,3,2,0,2,2,0,3
447.0,3,3,2,0,3,2,3,2,0,3,1,2,3,1,1,0,1
448.0,3,2,1,3,3,0,3,2,0,2,2,2,1,0,1,4,2
449.0,0,1,0,2,1,2,1,2,1,1,4,1,1,1,2,0,2
450.0,1,0,0,2,0,2,4,1,2,3,1,2,4,3,1,0,3
451.0,3,1,2,3,0,1,2,4,3,1,3,0,1,5,3,1,3
452.0,4,1,3,0,0,1,4,3,2,2,1,1,3,4,2,1,3
453.0,2,2,2,1,1,1,0,2,1,1,2,2,3,0,2,1,3
454.0,1,1,1,1,3,2,1,1,2,2,2,4,1,2,7,2,2
455.0,1,1,2,1,1,3,1,3,0,1,1,2,3,3,1,0,4
456.0,1,0,0,2,0,1,2,2,1,2,0,2,2,5,1,4,2
457.0,2,2,0,0,3,0,4,1,2,2,2,4,2,1,3,0,2
458.0,1,0,1,2,2,2,2,0,3,0,0,1,1,2,1,1,2
459.0,4,0,1,3,5,3,0,5,2,3,4,3,0,2,1,2,0
460.0,1,3,1,0,1,1,2,2,2,0,3,2,1,2,1,3,2
461.0,0,4,2,1,2,1,2,1,1,3,0,0,3,6,2,0,1
462.0,1,4,3,3,2,0,1,2,3,3,4,2,2,1,1,1,1
463.0,1,3,2,2,0,2,3,2,1,1,2,2,0,4,0,0,1
464.0,2,2,0,1,2,0,1,0,2,1,2,1,2,0,0,0,2
465.0,1,2,2,1,2,0,1,1,3,3,0,0,1,0,0,0,3
466.0,1,0,1,0,2,2,2,1,2,3,3,2,1,0,1,2,2
467.0,1,1,5,1,1,2,1,1,1,3,2,2,1,1,3,3,4
468.0,3,7,1,3,1,2,2,4,3,1,1,1,1,3,5,1,1
469.0,0,2,1,2,1,3,2,3,6,9,3,1,3,0,1,3,3
470.0,5,3,2,0,2,0,1,1,1,4,0,1,1,3,4,4,1
471.0,1,1,2,3,2,2,2,1,0,0,3,5,1,1,3,0,2
472.0,3,4,0,1,4,1,2,2,1,3,0,6,0,0,1,2,1
473.0,4,1,2,1,3,0,3,2,5,1,1,2,2,1,1,5,3
474.0,3,3,2,0,2,1,1,4,1,1,2,0,2,3,1,0,1
475.0,3,2,0,3,0,3,0,2,2,4,0,2,0,1,2,0,4
476.0,0,3,2,0,0,1,1,3,2,2,0,1,1,3,1,2,1
477.0,2,3,2,1,2,1,0,1,1,2,0,0,0,1,3,3,1
478.0,3,2,1,3,2,2,0,1,2,0,0,0,0,2,1,0,2
479.0,0,1,3,3,4,2,1,0,3,1,4,1,1,2,4,1,2
480.0,2,1,1,4,2,2,0,1,1,0,1,1,2,1,1,2,2
481.0,2,2,3,0,1,1,1,1,0,6,2,4,0,1,2,3,1
482.0,2,1,1,2,0,2,3,2,5,2,1,1,1,3,3,0,3
483.0,1,2,2,0,4,1,2,0,1,0,0,2,1,1,1,0,2
484.0,2,2,3,1,2,1,4,1,1,1,1,2,1,1,4,3,2
485.0,0,4,4,1,1,1,4,1,2,3,1,0,1,1,1,4,1
486.0,2,0,3,1,2,2,3,3,2,2,1,1,0,2,2,0,2
487.0,6,2,1,2,0,6,0,1,1,1,1,0,2,1,1,1,4
488.0,1,1,1,0,1,3,5,1,2,2,1,0,0,2,1,1,4
489.0,0,2,0,0,2,0,0,4,2,4,3,0,2,0,2,0,2
490.0,1,4,1,0,2,2,3,2,3,1,3,1,0,0,1,0,1
491.0,2,2,1,1,1,0,2,1,0,1,2,1,2,5,5,1,2
492.0,0,1,0,2,1,2,1,1,0,0,2,1,0,2,0,3,2
493.0,2,2,2,1,0,0,2,2,2,2,3,0,2,1,1,1,3
494.0,2,4,2,1,1,4,1,2,1,1,0,0,3,2,6,1,1
495.0,4,2,1,3,1,2,1,3,1,0,0,2,2,2,1,1,3
496.0,0,2,2,2,1,0,3,1,2,0,0,0,1,2,3,2,2
497.0,3,0,2,0,2,0,4,4,2,2,0,0,3,3,1,2,3
498.0,2,0,1,1,1,2,3,2,1,3,1,1,4,4,0,1,3
499.0,1,1,3,4,1,1,1,3,3,1,2,1,3,3,0,2,3
500.0,2,1,3,3,0,0,2,3,2,1,2,2,4,2,1,0,3
501.0,1,1,1,0,3,2,1,1,1,0,3,0,4,2,1,0,2
502.0,2,4,4,1,1,5,1,1,3,0,0,3,1,2,4,2,4
503.0,3,2,3,0,1,1,2,1,3,4,0,1,4,5,1,1,3
504.0,2,1,2,0,1,1,5,2,2,2,3,1,1,2,3,0,2
505.0,0,4,1,0,1,2,3,2,2,2,2,0,0,1,1,0,1
506.0,7,3,3,1,1,4,4,3,2,1,0,0,2,1,2,1,4
507.0,1,1,1,1,1,1,2,2,1,0,4,3,1,3,3,0,2
508.0,4,1,1,2,1,3,1,1,1,0,1,0,3,2,2,2,4
509.0,0,3,0,2,2,0,1,1,3,1,2,2,1,2,0,0,2
510.0,2,3,3,1,2,2,0,2,0,2,2,0,1,2,2,2,1
511.0,4,3,3,1,0,0,0,2,2,1,0,3,0,2,2,1,1
512.0,2,1,3,1,2,0,3,3,2,2,1,0,0,4,0,2,2
513.0,1,0,2,1,5,0,4,2,1,3,5,2,1,2,0,2,2
514.0,2,1,1,2,1,2,3,1,0,2,2,2,0,1,0,2,4
515.0,2,1,2,4,1,0,3,0,4,3,0,1,1,1,2,3,3
516.0,1,3,1,1,0,3,1,1,1,2,2,2,1,3,2,2,4
517.0,1,2,1,1,3,2,4,2,0,3,1,1,0,2,0,2,2
518.0,1,2,0,0,2,2,5,5,0,2,3,1,0,1,2,0,2
519.0,3,1,3,0,2,1,2,1,1,2,1,0,4,1,0,1,3
520.0,3,1,1,1,2,2,4,3,3,0,2,1,2,2,3,2,2
521.0,0,0,2,1,1,0,1,4,3,1,2,0,3,2,2,1,3
522.0,1,5,2,2,1,3,1,1,2,7,2,1,2,1,1,1,1
523.0,1,2,0,3,1,0,2,0,3,1,2,3,1,1,0,2,2
524.0,1,3,2,2,1,1,0,2,1,1,0,1,1,0,1,2,1
525.0,0,0,2,1,0,0,1,4,1,4,1,3,0,0,2,0,2
526.0,2,8,1,1,2,5,1,7,2,2,5,1,3,2,3,0,1
527.0,4,3,0,2,0,0,0,1,1,2,1,0,2,2,3,3,1
528.0,2,2,1,0,4,1,1,0,2,1,4,0,2,2,2,1,2
529.0,1,3,2,1,0,1,2,3,3,3,0,1,2,4,0,3,3
530.0,0,3,1,1,2,2,1,2,3,1,1,0,1,2,2,1,2
531.0,1,1,3,1,2,2,0,1,1,2,1,2,3,0,5,0,4
532.0,2,1,1,4,1,1,4,2,3,3,4,0,3,1,2,0,3
533.0,1,2,2,2,1,1,0,2,0,4,3,3,3,4,5,0,1
534.0,2,1,2,1,0,1,1,5,1,0,2,3,3,1,1,0,3
535.0,2,3,1,1,1,0,3,1,3,3,2,2,1,4,4,1,1
536.0,0,1,1,1,0,2,1,2,4,1,2,5,0,1,3,1,2
537.0,1,0,3,0,2,1,2,4,3,1,1,2,2,1,1,1,3
538.0,2,1,1,0,1,1,1,2,2,4,2,2,2,3,5,0,2
539.0,1,2,0,0,1,1,2,2,2,2,0,1,0,2,6,0,2
540.0,1,2,2,2,1,3,2,0,1,1,1,1,2,3,2,0,4
541.0,0,4,1,3,2,1,1,1,1,1,2,2,2,1,2,0,1
542.0,0,0,1,2,1,0,1,0,0,1,3,2,2,2,3,0,2
543.0,1,3,2,1,1,0,1,2,4,1,2,2,0,1,0,1,2
544.0,0,2,1,1,1,1,1,3,0,2,1,2,0,2,3,2,2
545.0,1,3,1,1,0,0,2,5,1,1,0,0,3,2,0,1,3
546.0,3,3,0,0,1,1,2,2,2,1,2,2,2,1,3,0,1
547.0,0,0,1,4,1,2,1,3,0,1,3,2,1,1,0,3,2
548.0,0,1,3,2,2,0,1,2,3,0,1,1,0,0,0,3,2
549.0,1,1,2,2,2,1,2,2,2,3,0,0,0,0,0,2,3
550.0,2,3,2,0,1,1,4,6,2,1,1,1,2,2,1,3,3
551.0,0,1,3,1,1,1,3,1,1,1,3,1,1,4,1,3,2
552.0,1,1,0,3,2,1,0,2,1,1,1,1,0,2,2,3,2
553.0,1,2,2,0,1,0,1,1,2,3,3,1,1,4,1,1,2
554.0,0,3,0,2,0,2,0,2,1,2,1,2,3,1,3,0,1
555.0,2,1,0,2,1,0,2,0,1,3,1,0,0,0,3,1,2
556.0,2,0,1,2,1,2,0,2,2,3,0,1,1,1,2,1,3
557.0,0,2,3,2,1,2,1,1,2,0,1,2,2,1,2,2,4
558.0,0,0,1,0,3,1,2,2,3,1,3,2,2,2,3,3,2
559.0,3,4,0,1,2,1,1,4,2,0,2,1,1,1,2,3,1
560.0,6,3,2,2,1,0,2,4,1,0,1,0,3,2,1,2,3
561.0,2,4,2,1,1,3,0,3,2,1,2,3,3,0,0,0,1
562.0,1,0,1,4,2,1,0,1,6,1,1,3,1,1,1,1,3
563.0,1,1,4,1,2,2,1,2,1,0,5,4,1,1,3,0,2
564.0,0,0,3,4,0,2,1,1,1,3,2,0,2,2,1,2,3
565.0,2,1,2,2,1,1,1,3,1,3,1,2,2,1,3,3,3
566.0,4,4,3,1,1,2,1,3,1,2,3,2,2,3,1,1,1
567.0,1,1,0,0,1,0,1,2,1,1,0,2,1,2,2,5,2
568.0,1,0,0,0,2,3,2,3,2,1,1,3,1,1,0,1,2
569.0,1,4,1,1,2,1,1,4,0,3,2,1,3,0,6,2,1
570.0,0,1,2,0,1,3,0,0,2,2,3,2,3,2,3,2,4
571.0,2,1,1,2,1,1,0,1,1,0,0,4,3,1,5,1,2
572.0,2,1,2,1,1,1,3,3,1,0,3,1,0,1,4,1,2
573.0,3,1,2,1,3,4,1,1,1,1,4,3,1,1,2,0,4
574.0,2,2,6,2,1,2,3,1,1,0,0,2,1,2,1,2,4
575.0,1,0,2,0,1,1,3,0,3,3,2,4,2,2,3,2,2
576.0,3,4,2,2,2,0,2,1,1,4,0,2,6,3,0,2,1
577.0,3,3,2,1,2,1,0,2,1,2,1,2,2,3,1,1,1
578.0,0,0,2,3,1,1,0,3,1,1,3,0,2,3,1,1,2
579.0,2,0,0,1,3,2,1,2,2,3,1,0,2,1,6,1,2
580.0,1,0,1,1,3,3,1,3,4,1,2,0,1,2,1,3,2
581.0,1,4,0,3,1,2,0,1,5,2,0,3,0,2,1,2,1
582.0,2,3,1,3,1,1,0,1,3,1,0,2,1,4,2,0,1
583.0,2,0,1,0,1,0,3,2,1,4,1,0,2,2,4,0,2
584.0,3,2,1,1,6,2,3,0,2,2,1,1,2,2,0,2,4
585.0,2,1,0,3,0,2,0,3,3,2,1,1,1,1,4,0,3
586.0,0,2,1,2,0,0,3,2,2,1,1,0,1,2,1,1,2
587.0,1,3,1,1,0,5,3,0,1,3,2,1,2,2,1,0,4
588.0,2,0,4,5,0,3,3,0,2,1,3,0,4,0,1,1,3
589.0,1,4,1,0,5,0,3,2,1,1,1,1,1,2,3,2,1
590.0,4,0,0,1,0,1,1,4,1,1,0,0,1,4,5,2,2
591.0,0,4,0,0,2,1,4,1,1,2,0,1,1,4,6,0,1
592.0,1,0,3,2,2,2,1,4,0,1,0,1,2,4,3,3,2
593.0,2,2,2,2,2,1,2,1,1,2,3,0,1,2,2,1,2
594.0,2,0,3,1,2,3,1,1,0,3,2,2,1,0,6,0,4
595.0,1,2,2,1,2,4,2,2,2,1,2,3,2,1,2,1,4
596.0,2,0,0,2,1,1,2,3,2,1,1,3,1,1,5,3,2
597.0,0,1,3,1,1,2,0,2,4,2,1,1,0,3,2,2,2
598.0,1,1,1,1,3,1,3,2,3,2,1,0,0,0,2,1,2
599.0,1,0,0,1,3,0,1,2,2,1,3,0,0,3,1,1,2
